no,index,plot,date,start_time,end_time,component,status,species,analyzer,analyzer_id,chamber,chamber_class,chamber_vol,chamber_area,height,diameter,stem_temp,air_temp,soil_temp,lenticels,above,water_depth,,,,
286,Mar_23_286,SRS6,3/10/2023,16:19:00,16:21:00,stem,dead,RHMA,LGR,LGR3,B5,B,,,180,12,27.5,28.3,26.3,,sediment,30,,,,
294,Mar_23_294,SRS6,3/10/2023,14:57:59,15:00:57,root,alive,RHMA,LGR,LGR2,B3,B,,,14,11.6,28.3,30.2,25.0,,sediment,11,,,,
276,Mar_23_276,SRS6,3/10/2023,14:20:00,14:23:00,stem,alive,RHMA,LGR,LGR3,C2,C,,,80,39.5,27.0,30.2,25.8,,sediment,15,,,,
277,Mar_23_277,SRS6,3/10/2023,14:39:30,14:42:30,stem,alive,RHMA,LGR,LGR3,C2,C,,,130,38.9,27.1,30.2,25.8,,sediment,15,,,,
278,Mar_23_278,SRS6,3/10/2023,14:46:00,14:49:00,stem,alive,RHMA,LGR,LGR3,C2,C,,,180,34.5,26.6,30.2,25.8,,sediment,15,,,,
279,Mar_23_279,SRS6,3/10/2023,15:00:00,15:03:00,root,alive,RHMA,LGR,LGR3,B5,B,,,60,8.5,28.9,30.2,25.8,,sediment,15,,,,
280,Mar_23_280,SRS6,3/10/2023,15:16:15,15:19:15,stem,alive,RHMA,LGR,LGR3,C2,C,,,85,26.5,27.9,28.3,26.4,,sediment,22,,,,
281,Mar_23_281,SRS6,3/10/2023,15:25:00,15:28:00,stem,alive,RHMA,LGR,LGR3,C2,C,,,135,25,27.6,28.3,26.4,,sediment,22,,,,
282,Mar_23_282,SRS6,3/10/2023,15:32:00,15:35:00,stem,alive,RHMA,LGR,LGR3,C2,C,,,185,25,27.5,28.3,26.4,,sediment,22,,,,
283,Mar_23_283,SRS6,3/10/2023,15:44:00,15:47:00,root,alive,RHMA,LGR,LGR3,B5,B,,,60,11.5,28.8,28.3,26.4,,sediment,22,,,,
284,Mar_23_284,SRS6,3/10/2023,16:02:00,16:05:00,stem,dead,RHMA,LGR,LGR3,B5,B,,,80,15,27.5,28.3,26.3,,sediment,30,,,,
285,Mar_23_285,SRS6,3/10/2023,16:09:30,16:12:30,stem,dead,RHMA,LGR,LGR3,B5,B,,,130,13,27.9,28.3,26.3,,sediment,30,,,,
287,Mar_23_287,SRS6,3/10/2023,16:27:00,16:30:00,root,dead,RHMA,LGR,LGR3,B5,B,,,40,10.5,25.5,28.3,26.3,,sediment,30,,,,
288,Mar_23_288,SRS6,3/10/2023,16:33:30,16:36:30,root,dead,RHMA,LGR,LGR3,A4,A,,,70,7.5,27.3,28.3,26.3,,sediment,30,,,,
289,Mar_23_289,SRS6,3/10/2023,16:08:28,16:11:28,stem,dead,LARA,LGR,LGR2,D2,D,,,58,27.1,25.9,28.3,26.3,,sediment,36,,,,
290,Mar_23_290,SRS6,3/10/2023,16:21:10,16:24:10,stem,dead,LARA,LGR,LGR2,D2,D,,,116,26.4,27.0,28.3,26.3,,sediment,36,,,,
291,Mar_23_291,SRS6,3/10/2023,14:19:49,14:22:49,stem,alive,RHMA,LGR,LGR2,C3,C,,,83,21.9,30.0,30.2,25.0,,sediment,11,,,,
292,Mar_23_292,SRS6,3/10/2023,14:30:39,14:33:39,stem,alive,RHMA,LGR,LGR2,C3,C,,,124,20.6,27.8,30.2,25.0,,sediment,11,,,,
296,Mar_23_296,SRS6,3/10/2023,15:36:20,15:39:20,stem,dead,LARA,LGR,LGR2,D2,D,,,94,30.1,27.9,28.3,26.4,,sediment,32,,,,
297,Mar_23_297,SRS6,3/10/2023,15:48:40,15:51:40,stem,dead,LARA,LGR,LGR2,D2,D,,,139,28.5,,28.3,26.4,,sediment,32,,,,
295,Mar_23_295,SRS6,3/10/2023,15:20:00,15:23:00,stem,dead,LARA,LGR,LGR2,D2,D,,,49,34.1,28.1,28.3,26.4,,sediment,32,,,,
293,Mar_23_293,SRS6,3/10/2023,14:44:26,14:47:32,stem,alive,RHMA,LGR,LGR2,C3,C,,,158,21.5,28.7,30.2,25.0,,sediment,11,,,,
247,Mar_23_247,SRS6,3/11/2023,14:21:00,14:23:00,CWD,dead,RHMA,LGR,LGR2,B5,B,,,45,15,33.0,24.4,25.9,,sediment,30,,,,
249,Mar_23_249,SRS6,3/11/2023,15:11:00,15:13:45,stem,alive,RHMA,LGR,LGR2,B5,B,,,60,15.5,26.0,24.1,26.0,,sediment,30,,,,
253,Mar_23_253,SRS6,3/11/2023,15:36:40,15:39:30,stem,alive,AVGE,LGR,LGR2,B5,B,,,145,17,26.0,24.1,26.1,,sediment,32,,,,
243,Mar_23_243,SRS6,3/11/2023,14:07:00,14:10:00,CWD,dead,RHMA,LGR,LGR2,C2,C,,,73,19,30.0,25.6,25.9,,sediment,28,,,,
244,Mar_23_244,SRS6,3/11/2023,14:31:00,14:34:00,CWD,dead,AVGE,LGR,LGR2,B5,B,,,60,11.5,27.0,26.1,25.8,,sediment,31,,,,
245,Mar_23_245,SRS6,3/11/2023,14:40:00,14:43:00,CWD,dead,LARA,LGR,LGR2,B5,B,,,20,18,32.0,25.9,25.9,,sediment,25,,,,
246,Mar_23_246,SRS6,3/11/2023,14:54:00,14:57:00,CWD,dead,RHMA,LGR,LGR2,B5,B,,,75,10,25.5,24.2,25.9,,sediment,22,,,,
248,Mar_23_248,SRS6,3/11/2023,15:05:00,15:08:00,stem,alive,RHMA,LGR,LGR2,B5,B,,,110,15.5,26.0,24.1,26.0,,sediment,30,,,,
250,Mar_23_250,SRS6,3/11/2023,15:15:00,15:18:00,stem,alive,RHMA,LGR,LGR2,B5,B,,,160,15.5,26.2,24.1,26.0,,sediment,30,,,,
251,Mar_23_251,SRS6,3/11/2023,15:25:00,15:28:00,stem,alive,AVGE,LGR,LGR2,B5,B,,,45,17,25.2,24.1,26.1,,sediment,32,,,,
252,Mar_23_252,SRS6,3/11/2023,15:31:00,15:34:00,stem,alive,AVGE,LGR,LGR2,B5,B,,,95,17,25.7,24.1,26.1,,sediment,32,,,,
254,Mar_23_254,SRS6,3/11/2023,15:50:30,15:53:30,stem,alive,LARA,LGR,LGR2,B5,B,,,45,17,25.3,24.2,26.2,,sediment,35,,,,
255,Mar_23_255,SRS6,3/11/2023,15:56:00,15:59:00,stem,alive,LARA,LGR,LGR2,B5,B,,,95,16,26.0,24.2,26.2,,sediment,35,,,,
256,Mar_23_256,SRS6,3/11/2023,16:02:00,16:05:00,stem,alive,LARA,LGR,LGR2,B5,B,,,145,15.5,26.0,24.2,26.2,,sediment,35,,,,
257,Mar_23_257,SRS6,3/11/2023,16:10:00,16:13:00,stem,alive,AVGE,LGR,LGR2,C2,C,,,50,31.5,25.1,23.1,26.2,,sediment,35,,,,
259,Mar_23_259,SRS6,3/11/2023,16:20:15,16:23:15,stem,alive,AVGE,LGR,LGR2,C2,C,,,150,30,26.0,23.1,26.2,,sediment,35,,,,
262,Mar_23_262,SRS6,3/11/2023,15:52:15,15:55:15,stem,alive,LARA,LGR,LGR3,D2,D,,,?,25.5,26.8,23.6,26.4,,sediment,20,,,,
263,Mar_23_263,SRS6,3/11/2023,11:54:30,11:57:30,stem,alive,AVGE,LGR,LGR3,C5,C,,,21,20.5,29.8,26.7,24.1,,sediment,,,,,
264,Mar_23_264,SRS6,3/11/2023,12:08:15,12:11:15,stem,alive,AVGE,LGR,LGR3,C5,C,,,67,21,25.3,26.7,24.1,,sediment,,,,,
265,Mar_23_265,SRS6,3/11/2023,12:23:30,12:26:30,stem,alive,AVGE,LGR,LGR3,C5,C,,,95,21.2,26.1,26.7,24.1,,sediment,,,,,
266,Mar_23_266,SRS6,3/11/2023,12:39:30,12:42:30,stem,alive,RHMA,LGR,LGR3,C3,C,,,65,19.1,26.7,28.3,24.0,,sediment,,,,,
267,Mar_23_267,SRS6,3/11/2023,12:51:30,12:54:30,stem,alive,RHMA,LGR,LGR3,C3,C,,,96,15.8,26.2,28.3,24.0,,sediment,,,,,
268,Mar_23_268,SRS6,3/11/2023,13:04:00,13:07:00,stem,alive,RHMA,LGR,LGR3,B2,B,,,12,15.4,26.5,28.3,24.0,,sediment,,,,,
269,Mar_23_269,SRS6,3/11/2023,13:31:30,13:34:30,root,alive,RHMA,LGR,LGR3,A1,A,,,53,5.5,26.3,28.3,24.0,,sediment,,,,,
270,Mar_23_270,SRS6,3/11/2023,14:05:30,14:08:30,stem,alive,AVGE,LGR,LGR3,C3,C,,,15,13.5,25.6,,25.8,,sediment,3,,,,
271,Mar_23_271,SRS6,3/11/2023,14:16:00,14:19:00,stem,alive,AVGE,LGR,LGR3,C3,C,,,60,12.5,26.8,,25.8,,sediment,7,,,,
272,Mar_23_272,SRS6,3/11/2023,14:27:30,14:30:30,stem,alive,AVGE,LGR,LGR3,B1,B,,,98,12.3,27.0,,25.8,,sediment,7,,,,
275,Mar_23_275,SRS6,3/11/2023,15:12:25,15:15:25,stem,alive,AVGE,LGR,LGR3,D2,D,,,108,21.5,25.8,24.2,26.0,,sediment,22,,,,
274,Mar_23_274,SRS6,3/11/2023,14:59:30,15:02:30,stem,alive,AVGE,LGR,LGR3,D2,D,,,68,133,26.0,24.2,26.0,,sediment,12,,,,
273,Mar_23_273,SRS6,3/11/2023,12:47:30,14:50:30,stem,alive,AVGE,LGR,LGR3,D2,D,,,17,138.8,25.6,24.2,26.0,,sediment,10,,,,
221,Mar_23_221,SRS5,3/12/2023,11:27:48,11:30:38,root,alive,RHMA,LGR,?,A5,A,,,20,10.4,23.0,25.4,23.4,,sediment,0,,,,
213,Mar_23_213,SRS5,3/12/2023,15:45:08,15:48:08,stem,alive,AVGE,LGR,LGR3,D2,D,,,115,40.1,27.8,27.8,23.6,,sediment,5,,,,
215,Mar_23_215,SRS5,3/12/2023,16:03:00,16:06:00,stem,dead,RHMA,LGR,LGR3,B2,B,,,160,13.5,29.8,28.1,23.5,,sediment,8,,,,
216,Mar_23_216,SRS5,3/12/2023,16:08:17,16:11:17,stem,dead,RHMA,LGR,LGR3,B2,B,,,110,14,28.2,28.1,23.5,,sediment,8,,,,
217,Mar_23_217,SRS5,3/12/2023,16:16:00,16:19:00,root,dead,RHMA,LGR,LGR3,B2,B,,,80,27.9,27.9,28.1,23.5,,sediment,8,,,,
218,Mar_23_218,SRS5,3/12/2023,11:06:00,11:09:00,stem,alive,RHMA,LGR,?,B5,B,,,43,8,22.4,25.4,23.4,,sediment,0,,,,
220,Mar_23_220,SRS5,3/12/2023,11:18:00,11:21:00,stem,alive,RHMA,LGR,?,A5,A,,,131,7,24.0,25.4,23.4,,sediment,0,,,,
222,Mar_23_222,SRS5,3/12/2023,11:42:40,11:45:40,stem,alive,RHMA,LGR,?,C2,C,,,58,21.2,23.2,27.7,23.5,,sediment,0,,,,
224,Mar_23_224,SRS5,3/12/2023,12:12:35,12:15:35,stem,alive,RHMA,LGR,?,C2,C,,,145,16.8,24.6,27.7,23.5,,sediment,0,,,,
225,Mar_23_225,SRS5,3/12/2023,12:28:00,12:31:00,root,alive,RHMA,LGR,?,A5,A,,,22,8,23.7,27.7,23.5,,sediment,0,,,,
226,Mar_23_226,SRS5,3/12/2023,12:42:35,12:45:35,stem,alive,RHMA,LGR,LGR2,C2,C,,,37,17.1,24.1,29.0,23.5,,sediment,0,,,,
228,Mar_23_228,SRS5,3/12/2023,13:07:15,13:10:15,stem,alive,RHMA,LGR,LGR2,C2,C,,,120,14.5,25.3,29.0,23.5,,sediment,0,,,,
229,Mar_23_229,SRS5,3/12/2023,13:16:45,13:19:45,root,alive,RHMA,LGR,LGR2,A5,A,,,10,8.3,24.1,29.0,23.5,,sediment,0,,,,
230,Mar_23_230,SRS5,3/12/2023,13:28:09,13:31:09,stem,alive,RHMA,LGR,LGR2,B5,B,,,42,3.6,25.8,29.0,23.6,,sediment,0,,,,
231,Mar_23_231,SRS5,3/12/2023,13:38:57,13:41:57,stem,alive,RHMA,LGR,LGR2,A5,A,,,78,9.4,26.4,29.0,23.6,,sediment,0,,,,
232,Mar_23_232,SRS5,3/12/2023,13:49:59,13:52:59,stem,alive,RHMA,LGR,LGR2,A5,A,,,117,7.6,26.7,29.0,23.6,,sediment,0,,,,
233,Mar_23_233,SRS5,3/12/2023,13:58:34,14:01:34,root,alive,RHMA,LGR,LGR2,A5,A,,,16,5.8,25.6,29.0,23.6,,sediment,0,,,,
234,Mar_23_234,SRS5,3/12/2023,14:35:40,14:38:40,stem,alive,RHMA,LGR,LGR2,A5,A,,,82,10,27.3,28.3,23.7,,sediment,2,,,,
235,Mar_23_235,SRS5,3/12/2023,14:45:40,14:48:40,stem,alive,RHMA,LGR,LGR2,A5,A,,,128,9.5,27.2,28.3,23.7,,sediment,3,,,,
236,Mar_23_236,SRS5,3/12/2023,14:54:20,14:57:20,stem,alive,RHMA,LGR,LGR2,A5,A,,,168,10.5,27.3,28.3,23.7,,sediment,5,,,,
237,Mar_23_237,SRS5,3/12/2023,15:04:10,15:07:10,root,alive,RHMA,LGR,LGR2,A5,A,,,50,6,27.2,28.3,23.7,,sediment,6,,,,
238,Mar_23_238,SRS5,3/12/2023,15:21:20,15:24:20,stem,alive,RHMA,LGR,LGR2,B5,B,,,68,14.5,26.5,28.3,23.5,,sediment,6,,,,
241,Mar_23_241,SRS5,3/12/2023,15:50:45,15:53:45,root,alive,RHMA,LGR,LGR2,A5,A,,,43,9.4,26.2,28.3,23.5,,sediment,9,,,,
242,Mar_23_242,SRS5,3/12/2023,16:03:30,16:06:30,root,alive,RHMA,LGR,LGR2,A5,A,,,25,5,26.3,28.3,23.5,,sediment,10,,,,
227,Mar_23_227,SRS5,3/12/2023,12:53:45,12:56:45,stem,alive,RHMA,LGR,LGR2,C2,C,,,90,15.3,24.6,29.0,23.5,,sediment,0,,,,
239,Mar_23_239,SRS5,3/12/2023,15:29:50,15:32:50,stem,alive,RHMA,LGR,LGR2,B5,B,,,125,13.5,26.8,28.3,23.5,,sediment,7.5,,,,
219,Mar_23_219,SRS5,3/12/2023,11:11:00,11:14:09,stem,alive,RHMA,LGR,?,A5,A,,,97,7.4,23.3,25.4,23.4,,sediment,0,,,,
223,Mar_23_223,SRS5,3/12/2023,11:56:30,11:59:50,stem,alive,RHMA,LGR,?,C2,C,,,117,17,24.1,27.7,23.5,,sediment,0,,,,
240,Mar_23_240,SRS5,3/12/2023,15:37:30,15:41:00,stem,alive,RHMA,LGR,LGR2,B5,B,,,166,13.1,27.2,28.3,23.5,,sediment,8,,,,
211,Mar_23_211,SRS5,3/12/2023,15:28:00,15:32:00,stem,alive,LARA,LGR,LGR3,D2,D,,,150,28.1,27.1,28.3,23.7,,sediment,1.5,,,,
209,Mar_23_209,SRS5,3/12/2023,15:13:00,15:18:00,stem,alive,LARA,LGR,LGR3,D2,D,,,50,31,26.4,28.3,23.7,,sediment,1.5,,,,
212,Mar_23_212,SRS5,3/12/2023,15:38:21,15:43:21,stem,alive,AVGE,LGR,LGR3,D2,D,,,40,43,27.5,27.8,23.6,,sediment,5,,,,
214,Mar_23_214,SRS5,3/12/2023,15:49:00,15:54:00,stem,alive,AVGE,LGR,LGR3,D2,D,,,165,42,24.0,27.8,23.6,,sediment,5,,,,
210,Mar_23_210,SRS5,3/12/2023,15:21:00,15:26:00,stem,alive,LARA,LGR,LGR3,D2,D,,,92,30,27.0,28.3,23.7,,sediment,1.5,,,,
179,Mar_23_179,SRS5,3/13/2023,14:03:00,14:05:00,stem,alive,AVGE,LGR,LGR3,B2,B,,,90,?,27.4,27.2,24.4,,sediment,0,,,,
191,Mar_23_191,SRS5,3/13/2023,10:57:52,10:59:52,stem,alive,RHMA,LGR,LGR2,B5,B,,,131,9,24.5,26.1,24.0,,sediment,0,,,,
202,Mar_23_202,SRS5,3/13/2023,13:02:30,13:05:20,CWD,,RHMA,LGR,LGR2,B5,B,,,28,11.2,27.5,24.4,24.0,,sediment,,,,,
170,Mar_23_170,SRS5,3/13/2023,12:33:30,12:36:30,stem,alive,LARA,LGR,LGR3,C5,C,,,20,19.6,25.8,26.6,24.2,,sediment,1,,,,
171,Mar_23_171,SRS5,3/13/2023,12:40:00,12:43:00,stem,alive,LARA,LGR,LGR3,C5,C,,,122,17.8,26.8,26.6,24.2,,sediment,1,,,,
172,Mar_23_172,SRS5,3/13/2023,13:04:00,13:07:00,stem,alive,LARA,LGR,LGR3,D2,D,,,50,35.5,26.9,24.4,24.0,,sediment,0,,,,
173,Mar_23_173,SRS5,3/13/2023,13:20:30,13:23:30,?,alive,LARA,LGR,LGR3,A6,A,,,2.3,20,28.8,25.6,24.1,,sediment,0,,,,
175,Mar_23_175,SRS5,3/13/2023,13:32:30,13:35:30,root,alive,RHMA,LGR,LGR3,A6,A,,,2.5,0,26.0,26.7,24.1,,sediment,0,,,,
177,Mar_23_177,SRS5,3/13/2023,13:45:30,13:48:30,stem,alive,RHMA,LGR,LGR3,B2,B,,,75,22,26.0,26.7,24.7,,sediment,0,,,,
178,Mar_23_178,SRS5,3/13/2023,13:55:00,13:58:00,stem,alive,AVGE,LGR,LGR3,B2,B,,,?,13.5,26.7,27.2,24.4,,sediment,0,,,,
180,Mar_23_180,SRS5,3/13/2023,10:56:00,10:59:00,stem,alive,RHMA,LGR,LGR3,C5,C,,,?,10.5,25.1,27.5,24.0,,sediment,0,,,,
184,Mar_23_184,SRS5,3/13/2023,11:36:30,11:39:30,root,alive,RHMA,LGR,LGR3,A5,A,,,3,7,25.6,26.6,23.9,,sediment,0,,,,
186,Mar_23_186,SRS5,3/13/2023,11:51:00,11:54:00,stem,alive,RHMA,LGR,LGR3,C5,C,,,105,18,26.0,26.6,23.9,,sediment,0,,,,
187,Mar_23_187,SRS5,3/13/2023,11:57:00,12:00:00,stem,alive,RHMA,LGR,LGR3,C5,C,,,145,17.5,26.5,26.6,23.9,,sediment,0,,,,
188,Mar_23_188,SRS5,3/13/2023,12:03:30,12:06:30,root,alive,RHMA,LGR,LGR3,A5,A,,,75,9.5,26.5,26.6,23.9,,sediment,0,,,,
190,Mar_23_190,SRS5,3/13/2023,10:44:34,10:47:34,stem,alive,RHMA,LGR,LGR2,B5,B,,,105,9,24.5,26.1,24.0,,sediment,0,,,,
193,Mar_23_193,SRS5,3/13/2023,11:16:13,11:19:13,stem,alive,RHMA,LGR,LGR2,B5,B,,,43,13.1,25.3,26.6,24.1,,sediment,0,,,,
194,Mar_23_194,SRS5,3/13/2023,11:23:37,11:26:37,stem,alive,RHMA,LGR,LGR2,B5,B,,,93,11.5,25.8,26.6,24.1,,sediment,0,,,,
195,Mar_23_195,SRS5,3/13/2023,11:29:44,11:32:44,stem,alive,RHMA,LGR,LGR2,B5,B,,,142,11.2,25.7,26.6,24.1,,sediment,0,,,,
196,Mar_23_196,SRS5,3/13/2023,11:36:00,11:39:00,root,alive,RHMA,LGR,LGR2,B5,B,,,12,12,25.2,26.6,24.1,,sediment,0,,,,
200,Mar_23_200,SRS5,3/13/2023,12:49:04,12:52:04,CWD,,RHMA,LGR,LGR2,B5,B,,,30,9.2,26.4,,,,sediment,0,,,,
201,Mar_23_201,SRS5,3/13/2023,12:53:50,12:56:50,CWD,,RHMA,LGR,LGR2,A5,A,,,15,6.9,28.3,24.4,24.2,,sediment,0,,,,
203,Mar_23_203,SRS5,3/13/2023,12:03:01,12:06:01,stem,alive,AVGE,LGR,LGR2,B5,B,,,12,17.5,25.5,26.7,24.1,,sediment,0,,,,
204,Mar_23_204,SRS5,3/13/2023,12:11:28,12:14:28,stem,alive,AVGE,LGR,LGR2,B5,B,,,61,10.1,25.4,26.7,24.1,,sediment,0,,,,
205,Mar_23_205,SRS5,3/13/2023,12:18:21,12:21:21,stem,alive,AVGE,LGR,LGR2,B5,B,,,102,10.1,25.3,26.7,24.1,,sediment,0,,,,
206,Mar_23_206,SRS5,3/13/2023,12:26:48,12:29:48,dead part,alive,AVGE,LGR,LGR2,B5,B,,,30,8.5,25.9,26.7,24.1,,sediment,0,,,,
207,Mar_23_207,SRS5,3/13/2023,12:32:04,12:35:04,CWD,,AVGE,LGR,LGR2,A5,A,,,13.5,7.5,25.7,26.7,24.1,,sediment,0,,,,
189,Mar_23_189,SRS5,3/13/2023,10:39:19,10:42:19,stem,alive,RHMA,LGR,LGR2,B5,B,,,55,9,24.5,26.1,24.0,,sediment,0,,,,
199,Mar_23_199,SRS5,3/13/2023,12:43:30,12:46:30,CWD,,RHMA,LGR,LGR2,A5,A,,,22,8.1,28.2,,11.0,,sediment,0,,,,
192,Mar_23_192,SRS5,3/13/2023,11:02:07,11:05:47,root,alive,RHMA,LGR,LGR2,A5,A,,,5,10.8,24.5,26.1,24.0,,sediment,0,,,,
174,Mar_23_174,SRS5,3/13/2023,13:27:00,13:31:00,?,alive,LARA,LGR,LGR3,D2,D,,,100,35,27.0,25.8,24.1,,sediment,0,,,,
197,Mar_23_197,SRS5,3/13/2023,11:45:05,11:49:05,root,alive,RHMA,LGR,LGR2,A5,A,,,11,7.2,25.7,26.6,24.1,,sediment,0,,,,
185,Mar_23_185,SRS5,3/13/2023,11:40:00,11:49:00,stem,alive,RHMA,LGR,LGR3,C5,C,,,55,18.5,25.6,26.6,23.9,,sediment,0,,,,
169,Mar_23_169,SRS5,3/13/2023,12:24:15,12:33:30,stem,alive,LARA,LGR,LGR3,C5,C,,,47,18.1,26.7,26.6,24.2,,sediment,1,,,,
161,Mar_23_161,CP40,3/15/2023,14:19:00,14:21:00,stem,dead,AVGE,LGR,LGR3,B2,B,,,80,11,,22.2,23.9,,sediment,10,,,,
129,Mar_23_129,CP40,3/15/2023,12:13:50,12:16:50,stem,dead,AVGE,LGR,LGR2,C2,C,,,13,17.2,22.1,22.2,23.1,,sediment,8,,,,
130,Mar_23_130,CP40,3/15/2023,12:24:40,12:27:40,stem,dead,AVGE,LGR,LGR2,C2,C,,,58,17.3,23.4,22.2,23.1,,sediment,8,,,,
131,Mar_23_131,CP40,3/15/2023,12:32:00,12:35:00,stem,dead,AVGE,LGR,LGR2,C2,C,,,108,16.4,22.9,22.2,23.1,,sediment,,,,,
132,Mar_23_132,CP40,3/15/2023,12:48:55,12:51:55,stem,dead,AVGE,LGR,LGR2,C2,C,,,9,24.8,22.8,22.2,23.0,,sediment,3,,,,
133,Mar_23_133,CP40,3/15/2023,13:01:20,13:04:20,stem,dead,AVGE,LGR,LGR2,C2,C,,,60,18.5,21.7,22.2,23.0,,sediment,3,,,,
134,Mar_23_134,CP40,3/15/2023,13:10:52,13:13:52,stem,dead,AVGE,LGR,LGR2,C2,C,,,110,18,,22.2,23.0,,sediment,3,,,,
136,Mar_23_136,CP40,3/15/2023,10:59:55,11:02:55,stem,dead,AVGE,LGR,LGR2,C2,C,,,62,31.6,22.3,22.7,22.9,,sediment,0,,,,
137,Mar_23_137,CP40,3/15/2023,11:16:00,11:19:00,stem,dead,AVGE,LGR,LGR2,C2,C,,,120,27.1,24.7,22.7,22.9,,sediment,0,,,,
138,Mar_23_138,CP40,3/15/2023,11:22:31,11:25:31,stem,dead,AVGE,LGR,LGR2,C2,C,,,17,78,22.0,,22.9,,sediment,0,,,,
139,Mar_23_139,CP40,3/15/2023,11:34:00,11:37:00,stem,dead,AVGE,LGR,LGR2,C2,C,,,60,32.5,23.0,,22.9,,sediment,0,,,,
141,Mar_23_141,CP40,3/15/2023,13:57:40,14:00:40,CWD,dead,AVGE,LGR,LGR2,C2,C,,,123,21.5,23.1,22.2,23.9,,sediment,24,,,,
142,Mar_23_142,CP40,3/15/2023,14:10:40,14:13:40,CWD,dead,AVGE,LGR,LGR2,B5,B,,,59,10.6,24.5,22.2,,,sediment,16,,,,
143,Mar_23_143,CP40,3/15/2023,14:22:33,14:25:33,CWD,dead,AVGE,LGR,LGR2,B5,B,,,6,11.5,23.7,22.2,,,sediment,20,,,,
144,Mar_23_144,CP40,3/15/2023,14:38:20,14:41:20,stem,dead,AVGE,LGR,LGR2,C2,C,,,30,,21.0,,,,sediment,10,,,,
145,Mar_23_145,CP40,3/15/2023,14:54:02,14:57:02,stem,dead,AVGE,LGR,LGR2,C2,C,,,78,23,22.9,,,,sediment,10,,,,
146,Mar_23_146,CP40,3/15/2023,15:01:00,15:04:00,stem,dead,AVGE,LGR,LGR2,C2,C,,,123,21.7,22.7,,,,sediment,10,,,,
147,Mar_23_147,CP40,3/15/2023,15:17:03,15:20:03,stem,dead,AVGE,LGR,LGR2,C2,C,,,,23.2,,22.5,,,sediment,,,,,
150,Mar_23_150,CP40,3/15/2023,15:14:30,15:17:30,CWD,,AVGE,LGR,LGR3,B2,B,,,70,19,,22.5,,,sediment,22,,,,
151,Mar_23_151,CP40,3/15/2023,15:38:00,15:41,CWD,,AVGE,LGR,LGR3,B2,B,,,55,25,,22.5,,,sediment,12,,,,
152,Mar_23_152,CP40,3/15/2023,15:47,15:50,,,?,LGR,LGR3,,,,,,,,,,,sediment,,,,,
153,Mar_23_153,CP40,3/15/2023,16:16,16:19,,,?,LGR,LGR3,,,,,,,,,,,sediment,,,,,
154,Mar_23_154,CP40,3/15/2023,12:57,13:00,stem,alive,AVGE,LGR,LGR3,C5,C,,,50,29,24.0,,23.0,,sediment,10,,,,
155,Mar_23_155,CP40,3/15/2023,13:03:30,13:06:30,stem,alive,AVGE,LGR,LGR3,C5,C,,,90,16,,,23.0,,sediment,10,,,,
156,Mar_23_156,CP40,3/15/2023,13:12:00,13:15:00,stem,alive,AVGE,LGR,LGR3,C5,C,,,120,15.25,,,23.0,,sediment,10,,,,
157,Mar_23_157,CP40,3/15/2023,13:35:00,13:38:00,stem,alive,AVGE,LGR,LGR3,C5,C,,,40,25,,,22.7,,sediment,10,,,,
158,Mar_23_158,CP40,3/15/2023,13:41:00,13:44:00,stem,alive,AVGE,LGR,LGR3,C5,C,,,90,26,,,22.7,,sediment,10,,,,
160,Mar_23_160,CP40,3/15/2023,14:10:00,14:13:00,stem,dead,AVGE,LGR,LGR3,B2,B,,,25,23,,22.2,23.9,,sediment,10,,,,
162,Mar_23_162,CP40,3/15/2023,14:24:00,14:27:00,stem,dead,AVGE,LGR,LGR3,B2,B,,,120,10,,22.2,23.9,,sediment,10,,,,
163,Mar_23_163,CP40,3/15/2023,14:45:00,14:48:00,stem,dead,AVGE,LGR,LGR3,A6,A,,,22,15,,22.2,23.7,,sediment,10,,,,
164,Mar_23_164,CP40,3/15/2023,14:53:00,14:56:00,stem,dead,AVGE,LGR,LGR3,A6,A,,,75,12,,22.2,23.7,,sediment,10,,,,
165,Mar_23_165,CP40,3/15/2023,15:01:00,15:04:00,stem,dead,AVGE,LGR,LGR3,A6,A,,,120,11.5,,22.2,23.7,,sediment,10,,,,
166,Mar_23_166,CP40,3/15/2023,15:51:00,15:54:00,stem,alive,AVGE,LGR,LGR3,C5,C,,,15,33,,22.8,,,sediment,,,,,
167,Mar_23_167,CP40,3/15/2023,15:57:00,16:00:00,stem,alive,AVGE,LGR,LGR3,C5,C,,,75,26.5,,22.8,,,sediment,,,,,
135,Mar_23_135,CP40,3/15/2023,10:53:37,10:56:37,stem,dead,AVGE,LGR,LGR2,C2,C,,,13,35.2,22.9,22.7,22.9,,sediment,0,,,,
148,Mar_23_148,CP40,3/15/2023,15:22:22,15:25:22,stem,dead,AVGE,LGR,LGR2,C2,C,,,,19.5,,22.5,,,sediment,,,,,
159,Mar_23_159,CP40,3/15/2023,13:50:00,13:53:00,stem,alive,AVGE,LGR,LGR3,C5,C,,,125,25,,,22.7,,sediment,10,,,,
168,Mar_23_168,CP40,3/15/2023,16:05:00,16:08:00,stem,alive,AVGE,LGR,LGR3,C5,C,,,120,25,,22.8,,,sediment,,,,,
140,Mar_23_140,CP40,3/15/2023,11:47:45,11:51:45,stem,dead,AVGE,LGR,LGR2,C2,C,,,120,26.5,20.3,,22.9,,sediment,0,,,,
113,Mar_23_113,BL60,3/16/2023,12:14:30,12:17:30,stem,alive,COPE,LGR,LGR2,A6,A,,,33,6.9,25.7,28.1,22.1,,sediment,0,,,,
114,Mar_23_114,BL60,3/16/2023,12:23:00,12:26:00,stem,alive,COPE,LGR,LGR2,A6,A,,,83,8,25.0,28.1,22.1,,sediment,0,,,,
115,Mar_23_115,BL60,3/16/2023,12:52:17,12:55:17,stem,alive,COPE,LGR,LGR2,A6,A,,,110,811,26.2,28.1,22.1,,sediment,0,,,,
117,Mar_23_117,BL60,3/16/2023,10:43:15,10:46:15,stem,dead,RHMA,LGR,LGR2,A1,A,,,75,6.6,22.1,25.3,21.1,,sediment,0,,,,
119,Mar_23_119,BL60,3/16/2023,11:09:30,11:12:30,stem,alive,COPE,LGR,LGR2,A1,A,,,10,5.9,22.9,25.3,26.2,,sediment,0,,,,
121,Mar_23_121,BL60,3/16/2023,11:38:30,11:41:30,stem,alive,COPE,LGR,LGR2,A1,A,,,102,5,25.2,25.3,26.2,,sediment,0,,,,
122,Mar_23_122,BL60,3/16/2023,13:12:00,13:15:00,stem,alive,RHMA,LGR,LGR2,A6,A,,,10,9.5,25.5,28.1,21.6,,sediment,0,,,,
123,Mar_23_123,BL60,3/16/2023,13:37:40,13:40:40,stem,alive,RHMA,LGR,LGR2,A4,A,,,52,7.9,26.5,28.1,21.6,,sediment,0,,,,
124,Mar_23_124,BL60,3/16/2023,13:53:12,13:56:12,root,alive,RHMA,LGR,LGR2,A4,A,,,38,5,23.8,28.1,21.6,,sediment,0,,,,
126,Mar_23_126,BL60,3/16/2023,14:49:00,14:52:00,stem,dead,RHMA,LGR,LGR2,A4,A,,,30,9.5,34.8,28.3,24.0,,sediment,0,,,,
127,Mar_23_127,BL60,3/16/2023,14:54:20,14:57:20,stem,dead,RHMA,LGR,LGR2,A4,A,,,30,9.5,34.8,28.3,24.0,,sediment,0,,,,
120,Mar_23_120,BL60,3/16/2023,11:25:30,11:28:30,stem,alive,COPE,LGR,LGR2,A1,A,,,55,5,22.4,25.3,26.2,,sediment,0,,,,
128,Mar_23_128,BL60,3/16/2023,15:05:20,15:08:20,stem,dead,RHMA,LGR,LGR2,A4,A,,,85,12.5,25.5,28.3,24.0,,sediment,0,,,,
95,Mar_23_95,SE1,3/17/2023,11:09:00,11:12:00,leaves,alive,RHMA,LGR,LGR2,LB,L,,,,,,26.8,,,sediment,,,,,
96,Mar_23_96,SE1,3/17/2023,11:18:00,11:21:00,leaves,alive,RHMA,LGR,LGR2,LB,L,,,,,,27.8,,,sediment,,,,,
97,Mar_23_97,SE1,3/17/2023,11:33:00,11:36:00,leaves,alive,RHMA,LGR,LGR2,LB,L,,,,,,28.9,,,sediment,,,,,
98,Mar_23_98,SE1,3/17/2023,11:43:00,11:46:00,leaves,alive,RHMA,LGR,LGR2,LB,L,,,,,,,,,sediment,,,,,
100,Mar_23_100,SE1,3/17/2023,11:18:30,11:21:30,stem,alive,RHMA,LGR,LGR3,HA,H,,,9.5,3.7,24.8,27.3,21.7,,sediment,7,,,,
101,Mar_23_101,SE1,3/17/2023,11:46:15,11:49:15,root,alive,RHMA,LGR,LGR3,HA,H,,,24,2.4,27.8,27.3,21.7,,sediment,7,,,,
102,Mar_23_102,SE1,3/17/2023,11:54:00,11:57:00,root,alive,RHMA,LGR,LGR3,HA,H,,,20,2.8,23.4,28.9,21.7,,sediment,7,,,,
103,Mar_23_103,SE1,3/17/2023,12:01:30,12:04:30,stem,alive,RHMA,LGR,LGR3,HA,H,,,51,4.1,23.9,28.2,21.7,,sediment,10,,,,
104,Mar_23_104,SE1,3/17/2023,12:07:30,12:10:30,root,alive,RHMA,LGR,LGR3,HA,H,,,15,4.1,21.2,28.2,21.7,,sediment,7,,,,
106,Mar_23_106,SE1,3/17/2023,9:58:00,10:01:00,stem,alive,RHMA,LGR,LGR3,Hollow HB,H,,,80,3.5,23.3,26.6,20.3,,sediment,15,,,,
107,Mar_23_107,SE1,3/17/2023,10:10:00,10:13:00,root,alive,RHMA,LGR,LGR3,HB,H,,,20,3.5,23.5,26.6,20.3,,sediment,15,,,,
108,Mar_23_108,SE1,3/17/2023,10:34:30,10:37:30,root,alive,RHMA,LGR,LGR3,HA,H,,,74,2,22.9,26.6,20.3,,sediment,15,,,,
109,Mar_23_109,SE1,3/17/2023,10:52:30,10:55:30,stem,alive,RHMA,LGR,LGR3,HA,H,,,55,2.4,28.3,26.6,20.6,,sediment,10,,,,
110,Mar_23_110,SE1,3/17/2023,11:00:00,11:03:00,stem,alive,RHMA,LGR,LGR3,HA,H,,,31,3.2,24.1,26.6,20.6,,sediment,10,,,,
111,Mar_23_111,SE1,3/17/2023,11:07:00,11:10:00,root,alive,RHMA,LGR,LGR3,HA,H,,,25,2.7,25.6,26.6,20.6,,sediment,10,,,,
94,Mar_23_94,SE1,3/17/2023,10:50:00,11:00:00,leaves,alive,RHMA,LGR,LGR2,LB,L,,,,,,27.3,,,sediment,,,,,
43,Mar_23_43,FLM30,3/18/2023,11:21:30,11:24:30,stem,dead,AVGE,LGR,LGR3,C5,C,,,27,14.1,27.1,26.6,24.0,,sediment,0,,,,
44,Mar_23_44,FLM30,3/18/2023,11:32:00,11:35:00,stem,dead,AVGE,LGR,LGR3,C5,C,,,65,12.5,28.2,26.6,24.0,,sediment,0,,,,
45,Mar_23_45,FLM30,3/18/2023,11:39:30,11:42:30,stem,dead,AVGE,LGR,LGR3,C5,C,,,105,12.5,26.7,26.6,24.0,,sediment,0,,,,
46,Mar_23_46,FLM30,3/18/2023,11:53:05,11:56:05,stem,dead,AVGE,LGR,LGR3,C5,C,,,25,22.6,25.9,26.2,24.3,,sediment,0,,,,
47,Mar_23_47,FLM30,3/18/2023,11:59:47,12:02:47,stem,dead,AVGE,LGR,LGR3,C5,C,,,62,18.9,27.7,26.2,24.3,,sediment,0,,,,
48,Mar_23_48,FLM30,3/18/2023,12:06:45,12:09:45,stem,dead,AVGE,LGR,LGR3,C5,C,,,92,19.2,26.8,26.2,24.3,,sediment,0,,,,
49,Mar_23_49,FLM30,3/18/2023,10:25:40,10:28:40,stem,dead,AVGE,LGR,LGR3,C5,C,,,15,22,25.9,29.3,23.3,,sediment,2,,,,
50,Mar_23_50,FLM30,3/18/2023,10:33:49,10:36:49,stem,dead,AVGE,LGR,LGR3,C5,C,,,72,19.7,27.2,29.3,23.3,,sediment,2,,,,
51,Mar_23_51,FLM30,3/18/2023,10:42:30,10:45:30,stem,dead,AVGE,LGR,LGR3,C5,C,,,102,19.4,27.4,29.3,23.3,,sediment,2,,,,
52,Mar_23_52,FLM30,3/18/2023,10:55:30,10:58:30,stem,dead,AVGE,LGR,LGR3,C5,C,,,17,21.2,30.7,26.2,24.8,,sediment,2,,,,
53,Mar_23_53,FLM30,3/18/2023,11:03:38,11:06:38,stem,dead,AVGE,LGR,LGR3,C5,C,,,62,17.3,31.3,26.2,24.8,,sediment,2,,,,
54,Mar_23_54,FLM30,3/18/2023,11:12:00,11:15:00,stem,dead,AVGE,LGR,LGR3,C5,C,,,96,17.3,34.2,29.1,24.8,,sediment,2,,,,
55,Mar_23_55,FLM30,3/18/2023,14:40:00,14:43:00,stem,dead,AVGE,LGR,LGR3,A?,A,,,25,8.7,,28.8,,,sediment,23,,,,
56,Mar_23_56,FLM30,3/18/2023,14:45:40,14:48:40,stem,dead,AVGE,LGR,LGR3,A?,A,,,9,6.4,,28.4,,,sediment,8,,,,
57,Mar_23_57,FLM30,3/18/2023,14:23:30,14:26:30,stem,dead,AVGE,LGR,LGR3,A?,A,,,16,7.1,,27.8,,,sediment,4,,,,
58,Mar_23_58,FLM30,3/18/2023,14:32:10,14:35:10,stem,dead,AVGE,LGR,LGR3,A?,A,,,8,4.6,,27.6,27.1,,sediment,6,,,,
59,Mar_23_59,FLM30,3/18/2023,13:27:50,13:30:50,stem,dead,AVGE,LGR,LGR3,C5,C,,,50.2,15.9,30.2,29.4,25.8,,sediment,1,,,,
60,Mar_23_60,FLM30,3/18/2023,13:32:45,13:35:45,stem,dead,AVGE,LGR,LGR3,C5,C,,,70,13.9,32.6,29.4,25.8,,sediment,1,,,,
62,Mar_23_62,FLM30,3/18/2023,13:51:50,13:54:50,stem,dead,AVGE,LGR,LGR3,C5,C,,,25,13.9,,29.7,23.9,,sediment,2,,,,
63,Mar_23_63,FLM30,3/18/2023,13:58:00,14:01:00,stem,dead,AVGE,LGR,LGR3,C5,C,,,75,17.5,,29.7,23.9,,sediment,2,,,,
64,Mar_23_64,FLM30,3/18/2023,14:07:35,14:10:35,stem,dead,AVGE,LGR,LGR3,C5,C,,,110,11.2,,29.7,23.9,,sediment,2,,,,
65,Mar_23_65,FLM30,3/18/2023,12:17:00,12:20:00,stem,dead,AVGE,LGR,LGR3,C5,C,,,12,16.8,27.0,29.4,25.1,,sediment,3,,,,
66,Mar_23_66,FLM30,3/18/2023,12:28:00,12:31:00,stem,dead,AVGE,LGR,LGR3,C5,C,,,72,12.9,30.3,29.1,25.1,,sediment,3,,,,
67,Mar_23_67,FLM30,3/18/2023,12:37:13,12:40:13,stem,dead,AVGE,LGR,LGR3,C5,C,,,121,13.2,35.1,29.1,25.1,,sediment,3,,,,
69,Mar_23_69,FLM30,3/18/2023,13:15:30,13:18:30,stem,dead,AVGE,LGR,LGR3,C5,C,,,120,11.5,29.0,27.6,25.2,,sediment,1,,,,
71,Mar_23_71,FLM30,3/18/2023,10:51:00,10:54:00,stem,dead,AVGE,LGR,LGR2,B7,B,,,15,39,29.9,26.2,,,sediment,9,,,,
72,Mar_23_72,FLM30,3/18/2023,10:59:30,11:02:30,stem,dead,AVGE,LGR,LGR2,C2,C,,,60,36.5,32.2,26.2,,,sediment,9,,,,
73,Mar_23_73,FLM30,3/18/2023,11:08:30,11:11:30,stem,dead,AVGE,LGR,LGR2,C2,C,,,105,23,26.4,26.2,,,sediment,9,,,,
74,Mar_23_74,FLM30,3/18/2023,11:18:00,11:21:00,stem,dead,AVGE,LGR,LGR2,A5,A,,,70,44.5,35.4,26.2,,,sediment,9,,,,
75,Mar_23_75,FLM30,3/18/2023,11:31:00,11:34:00,stem,dead,AVGE,LGR,LGR2,B7,B,,,25,12.5,31.1,26.2,,,sediment,15,,,,
76,Mar_23_76,FLM30,3/18/2023,11:36:30,11:39:30,stem,dead,AVGE,LGR,LGR2,B7,B,,,65,12.5,4.6,26.2,,,sediment,15,,,,
77,Mar_23_77,FLM30,3/18/2023,11:41:30,11:44:30,stem,dead,AVGE,LGR,LGR2,,,,,110,12.5,33.2,26.2,,,sediment,15,,,,
78,Mar_23_78,FLM30,3/18/2023,14:06:30,14:09:30,stem,dead,AVGE,LGR,LGR2,C2,C,,,15,29,7.8,29.7,25.7,,sediment,0,,,,
79,Mar_23_79,FLM30,3/18/2023,13:53:15,13:56:15,stem,dead,AVGE,LGR,LGR2,B7,B,,,90,16.5,7.6,29.7,25.7,,sediment,0,,,,
80,Mar_23_80,FLM30,3/18/2023,13:47:45,13:50:45,stem,dead,AVGE,LGR,LGR2,B7,B,,,130,14,9.2,29.7,25.7,,sediment,0,,,,
81,Mar_23_81,FLM30,3/18/2023,14:23:30,14:26:30,stem,,AVGE,LGR,LGR2,A4,A,,,0,9.5,,29.5,,,sediment,,,,,
82,Mar_23_82,FLM30,3/18/2023,12:48:00,12:51:00,stem,dead,AVGE,LGR,LGR2,A5,A,,,20,19,28.1,27.6,25.9,,sediment,5,,,,
83,Mar_23_83,FLM30,3/18/2023,12:54:00,12:57:00,stem,dead,AVGE,LGR,LGR2,A5,A,,,60,12,31.1,27.6,25.9,,sediment,5,,,,
84,Mar_23_84,FLM30,3/18/2023,13:00:30,13:03:30,stem,dead,AVGE,LGR,LGR2,A5,A,,,120,11,29.6,27.6,25.9,,sediment,5,,,,
85,Mar_23_85,FLM30,3/18/2023,13:18:30,13:21:30,stem,dead,AVGE,LGR,LGR2,C2,C,,,20,21,28.8,29.4,25.4,,sediment,2,,,,
88,Mar_23_88,FLM30,3/18/2023,11:57:00,12:00:00,stem,dead,AVGE,LGR,LGR2,B7,B,,,25,14,33.4,28.4,24.9,,sediment,5,,,,
89,Mar_23_89,FLM30,3/18/2023,12:02:30,12:05:30,stem,dead,AVGE,LGR,LGR2,B7,B,,,55,12.5,28.9,28.4,24.9,,sediment,5,,,,
90,Mar_23_90,FLM30,3/18/2023,12:09:30,12:12:30,stem,dead,AVGE,LGR,LGR2,B7,B,,,85,14.5,30.8,28.4,24.9,,sediment,5,,,,
91,Mar_23_91,FLM30,3/18/2023,12:19:30,12:22:30,stem,dead,AVGE,LGR,LGR2,B7,B,,,20,20,29.3,29.1,24.6,,sediment,5,,,,
92,Mar_23_92,FLM30,3/18/2023,12:26:00,12:29:00,stem,dead,AVGE,LGR,LGR2,B7,B,,,60,19.5,27.7,29.1,24.6,,sediment,5,,,,
93,Mar_23_93,FLM30,3/18/2023,12:33:00,12:36:00,stem,dead,AVGE,LGR,LGR2,B7,B,,,100,17.5,29.5,29.1,24.6,,sediment,5,,,,
70,Mar_23_70,FLM30,3/18/2023,13:05:00,13:08:00,stem,dead,AVGE,LGR,LGR3,C5,C,,,12,21.2,21.2,27.6,25.2,,sediment,1,,,,
86,Mar_23_86,FLM30,3/18/2023,13:29:30,13:32:30,stem,dead,AVGE,LGR,LGR2,B7,B,,,75,14,34.8,29.4,25.4,,sediment,2,,,,
68,Mar_23_68,FLM30,3/18/2023,12:56:00,12:59:30,stem,dead,AVGE,LGR,LGR3,C5,C,,,55,13,26.4,27.6,25.2,,sediment,1,,,,
61,Mar_23_61,FLM30,3/18/2023,13:38:26,13:44:26,stem,dead,AVGE,LGR,LGR3,C5,C,,,115,74.8,32.2,29.4,25.8,,sediment,1,,,,
309,Mar_23_309,BL60,3/19/2023,13:39:00,13:40:00,leaves,alive,LARA,LGR,LGR1,LeafB,L,,,NA,NA,,28.3,,,sediment,NA,,,,
34,Mar_23_34,BL60,3/19/2023,11:07:30,11:09:30,stem,alive,RHMA,LGR,LGR3,A4,A,,,100,4.8,26.1,27.3,22.8,,sediment,0,,,,
306,Mar_23_306,BL60,3/19/2023,13:09:00,13:11:00,leaves,alive,RHMA,LGR,LGR1,LeafB,L,,,NA,NA,,27.8,,,sediment,NA,,,,
10,Mar_23_10,BL60,3/19/2023,11:55:25,11:58:25,stem,alive,RHMA,LGR,LGR2,A crack,A,,,10.5,5.6,26.3,26.8,22.5,,sediment,0,,,,
11,Mar_23_11,BL60,3/19/2023,12:19:10,12:22:10,stem,alive,RHMA,LGR,LGR2,A crack,A,,,15.5,4.1,26.9,26.8,22.5,,sediment,0,,,,
12,Mar_23_12,BL60,3/19/2023,12:43:20,12:46:20,stem,alive,RHMA,LGR,LGR2,A crack,A,,,80,4.5,26.5,26.8,,,sediment,0,,,,
13,Mar_23_13,BL60,3/19/2023,12:09:00,12:12:00,root,alive,RHMA,LGR,LGR2,HA,H,,,17,,,26.8,,,sediment,0,,,,
14,Mar_23_14,BL60,3/19/2023,13:32:00,13:35:00,stem,alive,RHMA,LGR,LGR2,A crack,A,,,90,4.1,26.0,27.4,22.5,,sediment,0,,,,
15,Mar_23_15,BL60,3/19/2023,13:42:00,13:45:00,root,alive,RHMA,LGR,LGR2,Ha,H,,,30,2.1,26.3,26.6,22.5,,sediment,0,,,,
17,Mar_23_17,BL60,3/19/2023,9:30:30,9:33:30,stem,alive,RHMA,LGR,LGR2,A4,A,,,55,5.9,22.7,26.9,21.4,,sediment,0,,,,
18,Mar_23_18,BL60,3/19/2023,10:49:50,10:52:50,stem,alive,RHMA,LGR,LGR2,A crack,A,,,92,3.8,23.1,26.9,21.4,,sediment,0,,,,
20,Mar_23_20,BL60,3/19/2023,10:32:37,10:35:37,stem,alive,RHMA,LGR,LGR2,HA,H,,,29,2.9,24.3,26.9,21.4,,sediment,0,,,,
22,Mar_23_22,BL60,3/19/2023,11:14:20,11:17:20,stem,alive,RHMA,LGR,LGR2,A crack,A,,,103,3.1,26.4,26.9,21.9,,sediment,0,,,,
23,Mar_23_23,BL60,3/19/2023,11:22:50,11:25:50,stem,alive,RHMA,LGR,LGR2,A crack,A,,,135,2.6,26.3,26.9,21.9,,sediment,0,,,,
24,Mar_23_24,BL60,3/19/2023,11:30:23,11:33:23,root,alive,RHMA,LGR,LGR2,A crack,A,,,17,2.2,25.9,26.9,21.9,,sediment,0,,,,
26,Mar_23_26,BL60,3/19/2023,13:30:30,13:33:30,stem,CWD,COPE,LGR,LGR3,B3,B,,,30,12.5,22.8,27.6,22.7,,sediment,0,,,,
27,Mar_23_27,BL60,3/19/2023,13:36:45,13:39:45,stem,CWD,COPE,LGR,LGR3,B3,B,,,60,9,22.6,27.6,22.6,,sediment,0,,,,
28,Mar_23_28,BL60,3/19/2023,13:49:30,13:52:30,stem,CWD,RHMA,LGR,LGR3,B3,B,,,60,9,25.5,26.6,22.7,,sediment,0,,,,
29,Mar_23_29,BL60,3/19/2023,11:30:30,11:33:30,root,alive,RHMA,LGR,LGR3,HB,H,,,5,3,25.2,26.7,9.0,,sediment,0,,,,
30,Mar_23_30,BL60,3/19/2023,11:08:00,11:11:00,stem,alive,RHMA,LGR,LGR3,A4,A,,,75,8,23.7,26.7,22.5,,sediment,0,,,,
31,Mar_23_31,BL60,3/19/2023,11:16:00,11:19:00,stem,alive,RHMA,LGR,LGR3,A4,A,,,110,8,24.1,26.7,22.5,,sediment,0,,,,
32,Mar_23_32,BL60,3/19/2023,11:41:00,11:44:00,root,alive,RHMA,LGR,LGR3,HB,H,,,15,3,25.3,27.3,22.8,,sediment,0,,,,
33,Mar_23_33,BL60,3/19/2023,11:53:15,11:56:15,stem,alive,RHMA,LGR,LGR3,A4,A,,,60,5,26.0,27.3,22.8,,sediment,0,,,,
36,Mar_23_36,BL60,3/19/2023,10:10:45,10:13:45,stem,alive,COPE,LGR,LGR3,A4,A,,,55,8.5,24.2,26.9,23.9,,sediment,0,,,,
37,Mar_23_37,BL60,3/19/2023,10:19:15,10:22:15,stem,alive,COPE,LGR,LGR3,A4,A,,,90,7.5,24.5,26.9,23.9,,sediment,0,,,,
38,Mar_23_38,BL60,3/19/2023,10:32:30,10:35:30,stem,alive,COPE,LGR,LGR3,B3,B,,,25,9.5,24.4,27.3,23.1,,sediment,0,,,,
39,Mar_23_39,BL60,3/19/2023,10:42:00,10:45:00,stem,alive,COPE,LGR,LGR3,A4,A,,,75,5,24.9,27.3,23.1,,sediment,0,,,,
40,Mar_23_40,BL60,3/19/2023,12:24:30,12:27:30,stem,alive,COPE,LGR,LGR3,C5,C,,,25,20.5,25.3,26.8,23.0,,sediment,0,,,,
41,Mar_23_41,BL60,3/19/2023,12:37:30,12:40:30,stem,alive,COPE,LGR,LGR3,B3,B,,,66,15.5,25.2,26.8,23.0,,sediment,0,,,,
42,Mar_23_42,BL60,3/19/2023,12:48:00,12:51:00,stem,alive,COPE,LGR,LGR3,B3,B,,,108,14.5,24.4,26.8,23.0,,sediment,0,,,,
298,Mar_23_298,BL60,3/19/2023,10:00:00,10:03:00,leaves,alive,RHMA,LGR,LGR1,LeafB,L,,,NA,NA,,26.9,,,sediment,NA,,,,
301,Mar_23_301,BL60,3/19/2023,11:28:00,11:31:00,leaves,alive,RHMA,LGR,LGR1,LeafB,L,,,NA,NA,,26.9,,,sediment,NA,,,,
303,Mar_23_303,BL60,3/19/2023,12:26:00,12:29:00,leaves,alive,RHMA,LGR,LGR1,LeafB,L,,,NA,NA,,27.3,,,sediment,NA,,,,
304,Mar_23_304,BL60,3/19/2023,12:45:00,12:48:00,leaves,alive,AVGE,LGR,LGR1,LeafB,L,,,NA,NA,,27.2,,,sediment,NA,,,,
305,Mar_23_305,BL60,3/19/2023,12:50:30,12:53:30,leaves,alive,AVGE,LGR,LGR1,LeafB,L,,,NA,NA,,26.8,,,sediment,NA,,,,
307,Mar_23_307,BL60,3/19/2023,13:26:00,13:29:00,leaves,alive,LARA,LGR,LGR1,LeafB,L,,,NA,NA,,,,,sediment,NA,,,,
308,Mar_23_308,BL60,3/19/2023,13:32:30,13:35:30,leaves,alive,LARA,LGR,LGR1,LeafB,L,,,NA,NA,,,,,sediment,NA,,,,
19,Mar_23_19,BL60,3/19/2023,9:54:30,9:57:30,stem,alive,RHMA,LGR,LGR2,HA,H,,,15,2.7,26.2,26.9,21.4,,sediment,0,,,,
21,Mar_23_21,BL60,3/19/2023,11:57:40,12:00:40,stem,alive,RHMA,LGR,LGR2,A crack,A,,,55,3.6,26.2,26.9,21.9,,sediment,0,,,,
35,Mar_23_35,BL60,3/19/2023,9:54:30,9:57:30,stem,alive,COPE,LGR,LGR3,B3,B,,,20,11,23.0,26.9,23.9,,sediment,0,,,,
299,Mar_23_299,BL60,3/19/2023,10:40:00,10:43:00,leaves,alive,RHMA,LGR,LGR1,LeafB,L,,,NA,NA,,26.8,,,sediment,NA,,,,
302,Mar_23_302,BL60,3/19/2023,12:21:00,12:24:00,leaves,alive,RHMA,LGR,LGR1,LeafB,L,,,NA,NA,,27.2,,,sediment,NA,,,,
300,Mar_23_300,BL60,3/19/2023,11:16:00,11:20:00,leaves,alive,RHMA,LGR,LGR1,LeafB,L,,,NA,NA,,26.8,,,sediment,NA,,,,
16,Mar_23_16,BL60,3/19/2023,13:41:30,13:50:30,stem,alive,RHMA,LGR,LGR2,A crack,A,,,?,4,26.1,26.6,22.5,,sediment,0,,,,
1,Mar_23_1,MI,3/20/2023,14:44:00,14:47:00,stem,dead,AVGE,LGR,LGR3,C2,C,,,10,16,33.7,26.8,22.3,,sediment,0,,,,
2,Mar_23_2,MI,3/20/2023,14:51:00,14:54:00,stem,dead,AVGE,LGR,LGR3,C2,C,,,60,14,39.3,26.8,22.3,,sediment,0,,,,
3,Mar_23_3,MI,3/20/2023,14:56:45,14:59:45,stem,dead,AVGE,LGR,LGR3,B3,B,,,110,14,38.0,26.8,22.3,,sediment,0,,,,
5,Mar_23_5,MI,3/20/2023,15:17:00,15:20:00,stem,dead,AVGE,LGR,LGR3,B3,B,,,60,23.5,23.7,25.9,22.6,,sediment,1,,,,
6,Mar_23_6,MI,3/20/2023,15:11:00,15:14:00,stem,dead,AVGE,LGR,LGR3,B3,B,,,104,15.5,23.0,25.9,22.6,,sediment,1,,,,
7,Mar_23_7,MI,3/20/2023,15:29:30,15:32:30,stem,dead,AVGE,LGR,LGR3,B3,B,,,11,20.5,37.0,25.7,21.6,,sediment,0,,,,
8,Mar_23_8,MI,3/20/2023,15:36:00,15:39:00,stem,dead,AVGE,LGR,LGR3,B3,B,,,55,13.5,37.1,25.7,21.6,,sediment,0,,,,
9,Mar_23_9,MI,3/20/2023,15:50:00,15:53:00,stem,dead,AVGE,LGR,LGR3,B3,B,,,115,12.5,31.9,25.7,21.6,,sediment,0,,,,
4,Mar_23_4,MI,3/20/2023,15:22:00,15:25:00,stem,dead,AVGE,LGR,LGR3,B3,B,,,10,24.5,25.6,25.9,22.6,,sediment,1,,,,
2,Oct_22_2,FLM30,10/15/2022,13:15:37,13:20:34,stem,Dead,AVGE,LGR,LGR2,C1,C,,,50,17.5,36.7,,,no,Water,25.4,,,,
3,Oct_22_3,FLM30,10/15/2022,13:22:00,13:27:00,stem,Dead,AVGE,LGR,LGR2,C1,C,,,100,17,36.5,,,no,Water,25.4,,,,
4,Oct_22_4,FLM30,10/15/2022,14:01:30,14:06:30,stem,Dead,AVGE,LGR,LGR2,C1,C,,,0,22,31.7,,,no,Water,25.4,,,,
5,Oct_22_5,FLM30,10/15/2022,14:10:00,14:15:00,stem,Dead,AVGE,LGR,LGR2,C1,C,,,50,20,30.3,,,no,Water,25.4,,,,
6,Oct_22_6,FLM30,10/15/2022,14:19:00,14:24:00,stem,Dead,AVGE,LGR,LGR2,C1,C,,,100,19.5,32.0,,,no,Water,25.4,,,,
1,Oct_22_1,FLM30,10/15/2022,13:01:50,13:10:30,stem,Dead,AVGE,LGR,LGR2,C1,C,,,0,17.5,33.7,,,no,Water,25.4,,,,
29,Oct_22_29,SRS6,10/16/2022,13:24:53,13:27:33,stem,Alive,RHMA,LGR,LGR2,C1,C,,,100,25.4,27.0,26.3,27.6,no,Sediment,NA,,,,
12,Oct_22_12,SRS6,10/16/2022,13:39:25,13:42:25,stem,Alive,RHMA,LGR,LGR3,B4,B,,,50,18.2,27.3,27.3,26.8,yes,Sediment,NA,,,,
14,Oct_22_14,SRS6,10/16/2022,13:59:24,14:02:24,root,Alive,RHMA,LGR,LGR3,A7,A,,,na,6.9,27.7,27.3,26.8,no,Sediment,NA,,,,
18,Oct_22_18,SRS6,10/16/2022,12:29:30,12:32:30,stem,Alive,RHMA,LGR,LGR2,C2,C,,,0,30,27.3,,27.0,no,Sediment,NA,,,,
20,Oct_22_20,SRS6,10/16/2022,12:51:30,12:54:30,stem,Dead,AVGE,LGR,LGR2,B2,B,,,100,14,26.3,,27.0,no,Sediment,NA,,,,
21,Oct_22_21,SRS6,10/16/2022,12:56:00,12:59:00,stem,Dead,AVGE,LGR,LGR2,B2,B,,,0,15.5,26.6,,27.0,no,Sediment,NA,,,,
22,Oct_22_22,SRS6,10/16/2022,13:00:30,13:03:30,stem,Dead,AVGE,LGR,LGR2,B2,B,,,50,15,26.7,,27.0,no,Sediment,NA,,,,
25,Oct_22_25,SRS6,10/16/2022,12:36:08,12:39:08,stem,Alive,RHMA,LGR,LGR2,C1,C,,,100,21.1,27.0,27.8,27.2,no,Sediment,NA,,,,
27,Oct_22_27,SRS6,10/16/2022,13:37:29,13:40:29,stem,Alive,RHMA,LGR,LGR2,B1,B,,,0,25.9,26.9,24.6,27.6,no,Sediment,NA,,,,
28,Oct_22_28,SRS6,10/16/2022,13:42:32,13:45:32,stem,Alive,RHMA,LGR,LGR2,B1,B,,,50,25,26.4,24.0,27.6,no,Sediment,NA,,,,
30,Oct_22_30,SRS6,10/16/2022,13:31:38,13:34:38,root,Alive,RHMA,LGR,LGR2,B1,B,,,na,10.9,26.5,25.6,27.6,no,Sediment,NA,,,,
8,Oct_22_8,SRS6,10/16/2022,13:04:05,13:07:06,stem,Alive,RHMA,LGR,LGR3,C5,C,,,50,22.3,27.6,26.5,26.8,no,Sediment,NA,,,,
11,Oct_22_11,SRS6,10/16/2022,13:32:08,13:35:09,stem,Alive,RHMA,LGR,LGR3,B4,B,,,0,18.1,27.1,27.3,26.8,no,Sediment,NA,,,,
15,Oct_22_15,SRS6,10/16/2022,14:05:09,14:08:10,root,Alive,RHMA,LGR,LGR3,A6,A,,,na,5.5,27.0,27.3,26.8,no,Sediment,NA,,,,
7,Oct_22_7,SRS6,10/16/2022,12:57:50,13:00:51,stem,Alive,RHMA,LGR,LGR3,C5,C,,,0,23,27.4,26.5,26.8,no,Sediment,NA,,,,
9,Oct_22_9,SRS6,10/16/2022,13:11:06,13:14:07,stem,Alive,RHMA,LGR,LGR3,C5,C,,,100,21.5,27.5,26.5,26.8,no,Sediment,NA,,,,
13,Oct_22_13,SRS6,10/16/2022,13:49:19,13:52:20,stem,Alive,RHMA,LGR,LGR3,B4,B,,,100,17.3,27.8,27.3,26.8,no,Sediment,NA,,,,
10,Oct_22_10,SRS6,10/16/2022,13:19:16,13:22:22,root,Alive,RHMA,LGR,LGR3,A6,A,,,root,7,27.6,26.5,26.8,no,Sediment,NA,,,,
16,Oct_22_16,SRS6,10/16/2022,12:14:45,12:18:00,stem,Alive,RHMA,LGR,LGR2,C2,C,,,100,25,27.4,,27.0,no,Sediment,NA,,,,
19,Oct_22_19,SRS6,10/16/2022,12:38:20,12:41:40,root,Dead,RHMA,LGR,LGR2,A3,A,,,na,6.5,27.5,,27.0,no,Sediment,NA,,,,
24,Oct_22_24,SRS6,10/16/2022,12:44:15,12:47:55,stem,Alive,RHMA,LGR,LGR2,C1,C,,,50,22,26.9,28.1,27.2,no,Sediment,NA,,,,
26,Oct_22_26,SRS6,10/16/2022,13:07:39,13:11:31,root,Alive,RHMA,LGR,LGR2,A1,A,,,na,7.4,27.3,28.8,27.2,no,Sediment,NA,,,,
23,Oct_22_23,SRS6,10/16/2022,12:58:55,13:03:57,stem,Alive,RHMA,LGR,LGR2,B1,B,,,0,25.1,26.8,27.8,27.2,no,Sediment,NA,,,,
17,Oct_22_17,SRS6,10/16/2022,12:21:00,12:26:50,stem,Alive,RHMA,LGR,LGR2,C2,C,,,50,26,27.2,,27.0,no,Sediment,NA,,,,
55,Oct_22_55,SRS6,10/17/2022,12:43:00,12:45:00,stem,Alive,AVGE,LGR,LGR2,C1,C,,,100,22,25.6,,,no,Sediment,NA,,,,
63,Oct_22_63,SRS6,10/17/2022,12:14:39,12:17:38,stem,Alive,RHMA,LGR,LGR3,B4,B,,,0,13.3,26.4,25.6,26.8,no,Sediment,NA,,,,
32,Oct_22_32,SRS6,10/17/2022,14:19:00,14:22:00,stem,Dead,RHMA,LGR,LGR2,A4,A,,,50,,,,,no,Sediment,NA,,,,
33,Oct_22_33,SRS6,10/17/2022,14:24:00,14:27:00,stem,Dead,RHMA,LGR,LGR2,A4,A,,,100,,,,,no,Sediment,NA,,,,
35,Oct_22_35,SRS6,10/17/2022,15:06:00,15:09:00,CWD,Dead,RHMA,LGR,LGR2,B5,B,,,na,15.5,30.5,,,no,NA,NA,,,,
36,Oct_22_36,SRS6,10/17/2022,15:15:30,15:18:30,CWD,Dead,LARA,LGR,LGR2,B5,B,,,na,16,29.6,,,no,NA,NA,,,,
37,Oct_22_37,SRS6,10/17/2022,15:27:00,15:30:00,CWD,Dead,LARA,LGR,LGR2,B5,B,,,na,18.5,30.3,,,no,NA,NA,,,,
38,Oct_22_38,SRS6,10/17/2022,15:42:00,15:45:00,stem,Alive,LARA,LGR,LGR2,C1,C,,,0,33,28.2,,,no,Sediment,NA,,,,
40,Oct_22_40,SRS6,10/17/2022,15:55:00,15:58:00,stem,Alive,LARA,LGR,LGR2,C1,C,,,100,26.5,28.8,,,no,Sediment,NA,,,,
41,Oct_22_41,SRS6,10/17/2022,12:57:30,13:00:30,stem,Alive,AVGE,LGR,LGR2,B5,B,,,0,13.5,26.3,,,no,Sediment,NA,,,,
43,Oct_22_43,SRS6,10/17/2022,13:12:15,13:15:15,stem,Alive,AVGE,LGR,LGR2,B5,B,,,100,13,26.0,,,no,Sediment,NA,,,,
45,Oct_22_45,SRS6,10/17/2022,13:38:00,13:41:00,stem,Alive,RHMA,LGR,LRG2,C1,C,,,50,27,28.1,,,no,Sediment,NA,,,,
46,Oct_22_46,SRS6,10/17/2022,13:43:30,13:46:30,stem,Alive,RHMA,LGR,LRG2,C1,C,,,100,26,28.1,,,no,Sediment,NA,,,,
47,Oct_22_47,SRS6,10/17/2022,14:02:00,14:05:00,root,Alive,RHMA,LGR,LRG2,A4,A,,,na,13.5,28.4,,,yes,Sediment,NA,,,,
48,Oct_22_48,SRS6,10/17/2022,13:56:00,13:59:00,root,Alive,RHMA,LGR,LRG2,A4,A,,,na,3.5,27.0,,,yes,Sediment,NA,,,,
52,Oct_22_52,SRS6,10/17/2022,11:52:30,11:55:30,root,Alive,AVGE,LGR,LGR2,C1,C,,,na,,,,,no,Sediment,NA,,,,
53,Oct_22_53,SRS6,10/17/2022,12:18:15,12:21:15,stem,Alive,AVGE,LGR,LGR2,C1,C,,,0,27,25.9,,,no,Sediment,NA,,,,
54,Oct_22_54,SRS6,10/17/2022,12:23:30,12:26:30,stem,Alive,AVGE,LGR,LGR2,C1,C,,,50,22.5,25.7,,,no,Sediment,NA,,,,
58,Oct_22_58,SRS6,10/17/2022,14:34:35,14:37:35,stem,Alive,LARA,LGR,LGR3,A7,A,,,100,9.1,28.4,27.4,26.9,no,Sediment,NA,,,,
59,Oct_22_59,SRS6,10/17/2022,10:59:33,11:02:33,stem,Alive,RHMA,LGR,LGR3,C5,C,,,50,17.2,26.5,27.1,27.4,no,Sediment,NA,,,,
61,Oct_22_61,SRS6,10/17/2022,11:09:35,11:12:35,stem,Alive,RHMA,LGR,LGR3,C5,C,,,0,16.1,27.1,27.1,27.4,no,Sediment,NA,,,,
66,Oct_22_66,SRS6,10/17/2022,12:42:44,12:45:45,root,Alive,RHMA,LGR,LGR3,A6,A,,,na,5.9,27.0,25.6,26.8,no,Sediment,NA,,,,
65,Oct_22_65,SRS6,10/17/2022,12:29:31,12:32:32,stem,Alive,RHMA,LGR,LGR3,B4,B,,,100,12.1,26.0,25.6,26.8,no,Sediment,NA,,,,
56,Oct_22_56,SRS6,10/17/2022,14:20:42,14:23:44,stem,Alive,LARA,LGR,LGR3,B4,B,,,0,10.1,17.4,27.4,26.9,no,Sediment,NA,,,,
64,Oct_22_64,SRS6,10/17/2022,12:21:04,12:24:10,stem,Alive,RHMA,LGR,LGR3,B4,B,,,50,12.3,26.2,25.6,26.8,no,Sediment,NA,,,,
62,Oct_22_62,SRS6,10/17/2022,11:27:15,11:30:30,root,Alive,RHMA,LGR,LGR3,A5,A,,,na,6,27.0,27.1,27.4,no,Sediment,NA,,,,
60,Oct_22_60,SRS6,10/17/2022,11:19:05,11:22:35,stem,Alive,RHMA,LGR,LGR3,B5,B,,,100,17.7,26.8,27.1,27.4,no,Sediment,NA,,,,
57,Oct_22_57,SRS6,10/17/2022,14:27:08,14:30:40,stem,Alive,LARA,LGR,LGR3,B4,B,,,50,11.2,27.3,27.4,26.9,no,Sediment,NA,,,,
31,Oct_22_31,SRS6,10/17/2022,14:13:00,14:17:00,stem,Dead,RHMA,LGR,LGR2,A4,A,,,0,,,,,no,Sediment,NA,,,,
39,Oct_22_39,SRS6,10/17/2022,15:49:00,15:53:00,stem,Alive,LARA,LGR,LGR2,C1,C,,,50,28,28.4,,,no,Sediment,NA,,,,
44,Oct_22_44,SRS6,10/17/2022,13:24:00,13:28:00,stem,Alive,RHMA,LGR,LRG2,C1,C,,,0,33,28.2,,,no,Sediment,NA,,,,
34,Oct_22_34,SRS6,10/17/2022,14:35:00,14:39:00,root,Dead,RHMA,LGR,LGR2,A4,A,,,na,,,,,no,Sediment,NA,,,,
42,Oct_22_42,SRS6,10/17/2022,13:05:00,13:09:00,stem,Alive,AVGE,LGR,LGR2,B5,B,,,50,13,25.9,,,no,Sediment,NA,,,,
49,Oct_22_49,SRS6,10/17/2022,11:06:00,11:11:00,stem,Alive,AVGE,LGR,LGR2,C1,C,,,0,25.5,26.5,,,no,Sediment,NA,,,,
51,Oct_22_51,SRS6,10/17/2022,11:42:00,11:47:00,stem,Alive,AVGE,LGR,LGR2,C1,C,,,100,23,25.9,,,no,Sediment,NA,,,,
50,Oct_22_50,SRS6,10/17/2022,11:13:00,11:22:00,stem,Alive,AVGE,LGR,LGR2,C1,C,,,50,22.5,26.0,,,no,Sediment,NA,,,,
99,Oct_22_99,FLM30,10/18/2022,14:27:08,14:30:05,root,Dead,RHMA,LGR,LGR3,A5,A,,,na,7.2,30.9,29.9,,no,Water,13,,,,
80,Oct_22_80,FLM30,10/18/2022,15:22:55,15:25:55,stem,Dead,RHMA,LGR,LGR2,A4,A,,,-50,9,30.3,30.8,31.1,no,Water,18,,,,
84,Oct_22_84,FLM30,10/18/2022,11:09:10,11:12:10,stem,Dead,AVGE,LGR,LGR3,B4,B,,,0,36.7,28.5,25.9,,no,Water,10,,,,
86,Oct_22_86,FLM30,10/18/2022,11:32:00,11:35:00,stem,Dead,AVGE,LGR,LGR3,B4,B,,,100,22.6,32.0,25.9,,no,Water,10,,,,
87,Oct_22_87,FLM30,10/18/2022,11:48:10,11:51:10,stem,Dead,AVGE,LGR,LGR3,B4,B,,,0,11,32.0,29.2,,no,Water,10,,,,
91,Oct_22_91,FLM30,10/18/2022,12:33:50,12:36:50,stem,Dead,AVGE,LGR,LGR3,B4,B,,,50,13.9,30.4,27.6,,no,Water,10,,,,
92,Oct_22_92,FLM30,10/18/2022,12:57:40,13:00:40,stem,Dead,AVGE,LGR,LGR3,B4,B,,,100,13.5,31.4,27.6,,no,Water,10,,,,
94,Oct_22_94,FLM30,10/18/2022,13:17:30,13:20:30,stem,Dead,AVGE,LGR,LGR3,C1,C,,,0,19.8,30.6,30.3,,no,Water,13,,,,
98,Oct_22_98,FLM30,10/18/2022,14:16:00,14:19:00,stem,Dead,RHMA,LGR,LGR3,B4,B,,,50,10.5,30.8,29.9,,no,Water,13,,,,
100,Oct_22_100,FLM30,10/18/2022,14:33:00,14:36:00,root,Dead,RHMA,LGR,LGR3,A6,A,,,na,4,30.9,29.9,,no,Water,13,,,,
101,Oct_22_101,FLM30,10/18/2022,14:52:10,14:55:10,stem,Dead,AVGE,LGR,LGR3,B4,B,,,0,11.3,31.6,29.7,,no,Water,21,,,,
103,Oct_22_103,FLM30,10/18/2022,15:12:15,15:15:15,stem,Dead,AVGE,LGR,LGR3,B4,B,,,100,9.9,30.5,29.7,,no,Water,21,,,,
85,Oct_22_85,FLM30,10/18/2022,11:19:35,11:22:35,stem,Dead,AVGE,LGR,LGR3,B4,B,,,50,36.7,30.2,25.9,,no,Water,10,,,,
79,Oct_22_79,FLM30,10/18/2022,14:31:14,14:34:15,stem,Dead,AVGE,LGR,LGR2,A4,A,,,100,9.5,30.7,27.4,31.1,no,Water,18,,,,
102,Oct_22_102,FLM30,10/18/2022,15:01:30,15:04:31,stem,Dead,AVGE,LGR,LGR3,B4,B,,,50,11.3,30.3,29.7,,no,Water,21,,,,
104,Oct_22_104,FLM30,10/18/2022,15:26:56,15:30:07,stem,Dead,AVGE,LGR,LGR3,B4,B,,,0,14.6,29.4,28.8,,no,Water,12,,,,
95,Oct_22_95,FLM30,10/18/2022,13:26:34,13:29:50,stem,Dead,AVGE,LGR,LGR3,C1,C,,,50,19.7,31.7,30.3,,no,Water,13,,,,
96,Oct_22_96,FLM30,10/18/2022,13:37:42,13:41:02,stem,Dead,AVGE,LGR,LGR3,B4,B,,,100,17.5,31.9,30.3,,no,Water,13,,,,
82,Oct_22_82,FLM30,10/18/2022,16:02:21,16:05:44,stem,Dead,RHMA,LGR,LGR2,A4,A,,,0,11,30.5,30.8,31.1,no,Water,18,,,,
83,Oct_22_83,FLM30,10/18/2022,16:16:59,16:20:23,stem,Dead,RHMA,LGR,LGR2,B3,B,,,50,10.5,30.5,30.8,31.1,no,Water,18,,,,
78,Oct_22_78,FLM30,10/18/2022,14:22:36,14:26:02,stem,Dead,AVGE,LGR,LGR2,A4,A,,,50,10.3,30.7,27.4,31.1,no,Water,18,,,,
90,Oct_22_90,FLM30,10/18/2022,12:24:20,12:27:46,stem,Dead,AVGE,LGR,LGR3,C1,C,,,0,16.3,31.2,27.6,,no,Water,10,,,,
81,Oct_22_81,FLM30,10/18/2022,15:39:32,15:43:00,root,Dead,RHMA,LGR,LGR2,A4,A,,,na,4.7,30.6,30.8,31.1,no,Water,18,,,,
71,Oct_22_71,FLM30,10/18/2022,12:48:40,12:52:22,stem,Dead,AVGE,LGR,LGR2,A4,A,,,50,8.6,32.2,30.8,30.5,no,Water,31,,,,
97,Oct_22_97,FLM30,10/18/2022,13:49:26,13:53:10,stem,Dead,RHMA,LGR,LGR3,B4,B,,,0,11,31.0,29.9,,no,Water,13,,,,
73,Oct_22_73,FLM30,10/18/2022,13:15:12,13:18:57,stem,Dead,AVGE,LGR,LGR2,A4,A,,,0,15.0,29.6,31.4,30.8,no,Water,12,,,,
77,Oct_22_77,FLM30,10/18/2022,14:10:01,14:13:50,stem,Dead,AVGE,LGR,LGR2,A4,A,,,0,10.4,30.7,27.4,31.1,no,Water,18,,,,
68,Oct_22_68,FLM30,10/18/2022,12:10:14,12:14:05,stem,Dead,AVGE,LGR,LGR2,A4,A,,,50,9.5,32.2,25.8,29.8,no,Water,15,,,,
106,Oct_22_106,FLM30,10/18/2022,15:52:25,15:56:23,stem,Dead,AVGE,LGR,LGR3,B4,B,,,100,10.9,31.0,28.8,,no,Water,12,,,,
76,Oct_22_76,FLM30,10/18/2022,13:54:20,13:58:20,stem,Dead,AVGE,LGR,LGR2,B3,B,,,100,12.0,31.2,31.4,30.8,no,Water,12,,,,
69,Oct_22_69,FLM30,10/18/2022,12:24:46,12:28:49,stem,Dead,AVGE,LGR,LGR2,A4,A,,,100,9.2,31.8,25.7,29.8,no,Water,15,,,,
70,Oct_22_70,FLM30,10/18/2022,12:38:09,12:42:39,stem,Dead,AVGE,LGR,LGR2,A4,A,,,0,9.3,32.1,30.6,30.2,no,Water,31,,,,
72,Oct_22_72,FLM30,10/18/2022,12:57:24,13:02:35,stem,Dead,AVGE,LGR,LGR2,A4,A,,,100,8.8,31.9,31.2,30.5,no,Water,31,,,,
74,Oct_22_74,FLM30,10/18/2022,13:30:00,13:35:20,stem,Dead,AVGE,LGR,LGR2,B3,B,,,0,15.0,29.6,31.4,30.8,no,Water,12,,,,
67,Oct_22_67,FLM30,10/18/2022,11:57:48,12:03:54,stem,Dead,AVGE,LGR,LGR2,A4,A,,,0,10.5,31.8,26.4,29.8,no,Water,15,,,,
75,Oct_22_75,FLM30,10/18/2022,13:41:37,13:50:46,stem,Dead,AVGE,LGR,LGR2,B3,B,,,50,12.2,30.3,31.4,30.8,no,Water,12,,,,
93,Oct_22_93,FLM30,10/18/2022,13:07:10,13:17:30,stem,Dead,AVGE,LGR,LGR3,B4,B,,,50,13.9,30.4,27.6,,no,Water,10,,,,
105,Oct_22_105,FLM30,10/18/2022,15:36:27,15:49:57,stem,Dead,AVGE,LGR,LGR3,B4,B,,,50,10.4,30.8,28.8,,no,Water,12,,,,
88,Oct_22_88,FLM30,10/18/2022,11:58:25,12:21:25,stem,Dead,AVGE,LGR,LGR3,B4,B,,,50,11.2,31.0,29.2,,no,Water,10,,,,
133,Oct_22_133,SRS5,10/19/2022,16:37:25,16:39,CWD,Dead,,LGR,LGR2,B6,B,,,na,,,,,no,Sediment,NA,,,,
132,Oct_22_132,SRS5,10/19/2022,16:27:12,16:29,CWD,Dead,,LGR,LGR2,B6,B,,,na,,,,,no,Sediment,NA,,,,
111,Oct_22_111,SRS5,10/19/2022,14:01:26,14:04:15,root,Alive,RHMA,LGR,LGR3,A3,A,,,na,4.6,19.4,15.4,25.6,no,Sediment,NA,,,,
108,Oct_22_108,SRS5,10/19/2022,13:29:00,13:32:00,stem,Alive,RHMA,LGR,LGR3,B5,B,,,50,10.8,20.1,15.4,25.6,no,Sediment,NA,,,,
110,Oct_22_110,SRS5,10/19/2022,13:52:30,13:55:30,root,Alive,RHMA,LGR,LGR3,A2,A,,,na,6.2,18.9,15.4,25.6,no,Sediment,NA,,,,
112,Oct_22_112,SRS5,10/19/2022,14:16:01,14:19:01,root,Alive,RHMA,LGR,LGR3,A3,A,,,na,5.3,18.0,15.4,25.6,no,Sediment,NA,,,,
116,Oct_22_116,SRS5,10/19/2022,12:08:05,12:11:05,stem,Dead,RHMA,LGR,LGR2,C4,C,,,0,19.2,21.6,18.3,26.1,no,Water,20,,,,
117,Oct_22_117,SRS5,10/19/2022,12:16:25,12:19:25,stem,Dead,RHMA,LGR,LGR2,C4,C,,,50,15.5,21.8,18.3,26.1,no,Water,20,,,,
120,Oct_22_120,SRS5,10/19/2022,13:16:13,13:19:13,root,Dead,RHMA,LGR,LGR2,A6,A,,,na,11.2,20.4,18.3,26.1,no,Water,20,,,,
121,Oct_22_121,SRS5,10/19/2022,13:41:19,13:44:19,stem,Dead,RHMA,LGR,LGR2,C4,C,,,0,14.1,19.9,15.9,26.5,no,Water,20,,,,
125,Oct_22_125,SRS5,10/19/2022,14:19:45,14:22:45,stem,Dead,RHMA,LGR,LGR2,C4,C,,,-25,14.8,18.9,15.9,26.5,no,Water,20,,,,
128,Oct_22_128,SRS5,10/19/2022,15:32:38,15:35:38,stem,Alive,RHMA,LGR,LGR2,B6,B,,,50,16.8,18.9,16.1,26.3,no,Water,20,,,,
129,Oct_22_129,SRS5,10/19/2022,15:39:20,15:42:20,stem,Alive,RHMA,LGR,LGR2,B6,B,,,100,16.3,18.3,16.1,26.3,no,Water,20,,,,
114,Oct_22_114,SRS5,10/19/2022,14:45:58,14:49:00,stem,Alive,AVGE,LGR,LGR3,B5,B,,,50,10.3,19.9,18.0,25.0,no,Sediment,NA,,,,
118,Oct_22_118,SRS5,10/19/2022,12:26:13,12:29:25,stem,Dead,RHMA,LGR,LGR2,C4,C,,,100,15,21.7,18.3,26.1,no,Water,20,,,,
130,Oct_22_130,SRS5,10/19/2022,15:16:50,15:20:05,stem,Alive,RHMA,LGR,LGR2,B6,B,,,-50,26.2,19.5,16.1,26.3,no,Water,20,,,,
115,Oct_22_115,SRS5,10/19/2022,14:55:01,14:58:17,stem,Alive,AVGE,LGR,LGR3,B5,B,,,100,9.9,19.9,18.0,25.0,no,Sediment,NA,,,,
131,Oct_22_131,SRS5,10/19/2022,15:02:13,15:05:35,root,Alive,RHMA,LGR,LGR2,A6,A,,,na,7.2,19.1,16.1,26.3,yes,Water,20,,,,
127,Oct_22_127,SRS5,10/19/2022,15:24:30,15:28:05,stem,Alive,RHMA,LGR,LGR2,B6,B,,,0,17.5,18.9,16.1,26.3,no,Water,20,,,,
109,Oct_22_109,SRS5,10/19/2022,13:39:35,13:43:12,stem,Alive,RHMA,LGR,LGR3,B5,B,,,100,11.3,18.7,15.4,25.6,no,Sediment,NA,,,,
113,Oct_22_113,SRS5,10/19/2022,14:33:10,14:37:10,stem,Alive,AVGE,LGR,LGR3,B5,B,,,0,18.3,20.1,18.0,25.0,no,Sediment,NA,,,,
123,Oct_22_123,SRS5,10/19/2022,14:06:17,14:10:17,stem,Dead,RHMA,LGR,LGR2,C4,C,,,100,12.3,18.4,15.9,26.5,no,Water,20,,,,
126,Oct_22_126,SRS5,10/19/2022,14:49:46,14:54:00,root,Alive,RHMA,LGR,LGR2,A6,A,,,na,10.1,19.1,16.1,26.3,no,Water,20,,,,
124,Oct_22_124,SRS5,10/19/2022,14:33:14,14:37:53,root,Dead,RHMA,LGR,LGR2,A6,A,,,na,5.5,18.8,15.9,26.5,no,Water,20,,,,
107,Oct_22_107,SRS5,10/19/2022,13:16:53,13:21:34,stem,Alive,RHMA,LGR,LGR3,B5,B,,,0,12.5,20.4,15.4,25.6,no,Sediment,NA,,,,
122,Oct_22_122,SRS5,10/19/2022,13:54:12,13:59:30,stem,Dead,RHMA,LGR,LGR2,C4,C,,,50,13.2,18.5,15.9,26.5,no,Water,20,,,,
119,Oct_22_119,SRS5,10/19/2022,12:37:49,12:43:49,stem,Dead,RHMA,LGR,LGR2,C4,C,,,-25,21.2,22.5,18.3,26.1,no,Water,20,,,,
135,Oct_22_135,SRS5,10/20/2022,12:32:52,12:35:52,stem,Alive,RHMA,LGR,LGR2,C5,C,,,50,19.2,19.5,21.0,20.0,no,Water,3,,,,
136,Oct_22_136,SRS5,10/20/2022,12:42:10,12:45:10,stem,Alive,RHMA,LGR,LGR2,C5,C,,,100,19.1,26.8,21.0,20.0,no,Water,3,,,,
137,Oct_22_137,SRS5,10/20/2022,12:56:14,12:59:14,stem,Alive,RHMA,LGR,LGR2,C5,C,,,-50,21.4,24.3,21.0,20.0,no,Water,3,,,,
138,Oct_22_138,SRS5,10/20/2022,13:20:30,13:23:30,root,Alive,RHMA,LGR,LGR2,A2,A,,,na,12.8,24.4,21.0,20.0,no,Water,3,,,,
139,Oct_22_139,SRS5,10/20/2022,13:33:10,13:36:10,root,Alive,RHMA,LGR,LGR2,A2,A,,,na,12.2,23.8,21.0,20.0,no,Water,3,,,,
140,Oct_22_140,SRS5,10/20/2022,14:00:00,14:03:00,stem,Alive,AVGE,LGR,LGR2,A2,A,,,0,4.9,24.3,21.4,22.2,no,Water,3,,,,
141,Oct_22_141,SRS5,10/20/2022,14:09:50,14:12:50,stem,Alive,AVGE,LGR,LGR2,A2,A,,,50,4.4,26.0,21.4,22.2,no,Water,3,,,,
142,Oct_22_142,SRS5,10/20/2022,14:20:00,14:23:00,stem,Alive,AVGE,LGR,LGR2,A2,A,,,100,3.8,24.6,21.4,22.2,no,Water,3,,,,
143,Oct_22_143,SRS5,10/20/2022,14:02:30,14:05:30,stem,Dead,RHMA,LGR,LGR3,B4,B,,,0,17.2,23.1,16.4,21.4,no,Sediment,NA,,,,
144,Oct_22_144,SRS5,10/20/2022,14:16:00,14:19:00,stem,Dead,RHMA,LGR,LGR3,B4,B,,,100,13.0,23.0,16.4,21.4,no,Sediment,NA,,,,
145,Oct_22_145,SRS5,10/20/2022,14:24:07,14:27:07,stem,Dead,RHMA,LGR,LGR3,B4,B,,,50,14.1,24.1,16.4,21.4,no,Sediment,NA,,,,
150,Oct_22_150,SRS5,10/20/2022,11:57:10,12:00:10,stem,Alive,RHMA,LGR,LGR3,C1,C,,,0,16.5,21.4,21.1,21.3,no,Water,3,,,,
153,Oct_22_153,SRS5,10/20/2022,12:28:40,12:31:40,root,Alive,RHMA,LGR,LGR3,A4,A,,,na,10,21.8,21.1,21.3,no,Water,3,,,,
157,Oct_22_157,SRS5,10/20/2022,13:23:50,13:26:50,stem,Alive,RHMA,LGR,LGR3,B4,B,,,100,13.5,23.7,19.9,21.8,no,Water,3,,,,
158,Oct_22_158,SRS5,10/20/2022,13:39:30,13:42:30,root,Alive,RHMA,LGR,LGR3,A5,A,,,na,6.2,24.9,19.9,21.8,yes,Water,3,,,,
159,Oct_22_159,SRS5,10/20/2022,13:49:30,13:52:30,root,Alive,RHMA,LGR,LGR3,A4,A,,,na,6.2,24.6,19.9,21.8,yes,Water,3,,,,
161,Oct_22_161,SRS5,10/20/2022,15:41:48,15:44:48,stem,Alive,RHMA,LGR,LGR3,B4,B,,,50,14.5,23.4,18.5,22.5,no,Sediment,NA,,,,
164,Oct_22_164,SRS5,10/20/2022,16:05:05,16:08:05,CWD,Dead,,LGR,LGR3,,,,,na,7.8,24.4,18.5,22.5,no,NA,NA,,,,
151,Oct_22_151,SRS5,10/20/2022,12:11:10,12:14:11,stem,Alive,RHMA,LGR,LGR3,C1,C,,,50,14.9,20.8,21.1,21.3,no,Water,3,,,,
156,Oct_22_156,SRS5,10/20/2022,13:14:10,13:17:15,stem,Alive,RHMA,LGR,LGR3,C1,C,,,50,14,24.3,19.9,21.8,no,Water,3,,,,
134,Oct_22_134,SRS5,10/20/2022,12:21:41,12:24:50,stem,Alive,RHMA,LGR,LGR2,C5,C,,,0,20.1,20.4,21.0,20.0,no,Water,3,,,,
162,Oct_22_162,SRS5,10/20/2022,15:49:53,15:53:13,stem,Alive,RHMA,LGR,LGR3,B4,B,,,100,14.3,24.1,18.5,22.5,no,Sediment,NA,,,,
148,Oct_22_148,SRS5,10/20/2022,14:57:55,15:01:26,stem,Alive,AVGE,LGR,LGR3,B4,B,,,50,40.9,24.2,18.6,21.5,no,Sediment,NA,,,,
163,Oct_22_163,SRS5,10/20/2022,15:57:17,16:00:50,root,Alive,RHMA,LGR,LGR3,A4,A,,,na,,23.9,18.5,22.5,no,Sediment,NA,,,,
146,Oct_22_146,SRS5,10/20/2022,14:30:24,14:34:00,root,Dead,RHMA,LGR,LGR3,A4,A,,,na,7.1,23.0,16.4,21.4,no,Sediment,NA,,,,
155,Oct_22_155,SRS5,10/20/2022,13:04:09,13:08:00,stem,Alive,RHMA,LGR,LGR3,C1,C,,,0,14.5,24.1,19.9,21.8,no,Water,3,,,,
149,Oct_22_149,SRS5,10/20/2022,15:08:08,15:12:00,stem,Alive,AVGE,LGR,LGR3,B4,B,,,100,42.0,23.2,18.6,21.5,no,Sediment,NA,,,,
160,Oct_22_160,SRS5,10/20/2022,15:25:46,15:29:39,stem,Alive,RHMA,LGR,LGR3,C1,C,,,0,15.3,23.5,18.5,22.5,no,Sediment,NA,,,,
147,Oct_22_147,SRS5,10/20/2022,14:51:00,14:54:56,stem,Alive,AVGE,LGR,LGR3,C1,C,,,0,44.3,21.7,18.6,21.5,no,Sediment,NA,,,,
152,Oct_22_152,SRS5,10/20/2022,12:21:40,12:25:40,stem,Alive,RHMA,LGR,LGR3,B4,B,,,100,14.7,21.7,21.1,21.3,no,Water,3,,,,
154,Oct_22_154,SRS5,10/20/2022,12:44:24,12:48:26,root,Alive,RHMA,LGR,LGR3,A4,A,,,na,7.2,26.1,21.1,21.3,no,Water,3,,,,
171,Oct_22_171,SRS5,10/21/2022,12:33:55,12:36:55,stem,Alive,LARA,LGR,LGR3,D1,D,,,0,31.2,22.0,16.8,25.7,no,Sediment,NA,,,,
167,Oct_22_167,SRS5,10/21/2022,11:44:55,11:48:00,stem,Alive,RHMA,LGR,LGR3,B5,B,,,100,10.4,21.6,17.6,26.2,no,Sediment,NA,,,,
169,Oct_22_169,SRS5,10/21/2022,11:59:16,12:02:22,root,Alive,RHMA,LGR,LGR3,A3,A,,,na,6.4,21.0,17.6,26.2,no,Sediment,NA,,,,
173,Oct_22_173,SRS5,10/21/2022,12:56:32,12:59:40,stem,Alive,LARA,LGR,LGR3,C1,C,,,100,28.4,21.2,16.8,25.7,no,Sediment,NA,,,,
170,Oct_22_170,SRS5,10/21/2022,12:16:19,12:19:31,stem,Alive,LARA,LGR,LGR3,C5,C,,,0,31.2,22.0,16.8,25.7,no,Sediment,NA,,,,
172,Oct_22_172,SRS5,10/21/2022,12:45:04,12:48:16,stem,Alive,LARA,LGR,LGR3,C1,C,,,50,29.3,21.7,16.8,25.7,no,Sediment,NA,,,,
174,Oct_22_174,SRS5,10/21/2022,13:05:05,13:08:20,root,Alive,LARA,LGR,LGR3,A3,A,,,na,NA,20.2,16.8,25.7,no,Sediment,NA,,,,
168,Oct_22_168,SRS5,10/21/2022,11:52:53,11:56:34,root,Alive,RHMA,LGR,LGR3,A3,A,,,na,5.9,21.3,17.6,26.2,no,Sediment,NA,,,,
165,Oct_22_165,SRS5,10/21/2022,11:22:49,11:27:09,stem,Alive,RHMA,LGR,LGR3,B5,B,,,0,12.2,21.7,17.6,26.2,no,Sediment,NA,,,,
166,Oct_22_166,SRS5,10/21/2022,11:33:05,11:37:37,stem,Alive,RHMA,LGR,LGR3,B5,B,,,50,11.4,21.8,17.6,26.2,no,Sediment,NA,,,,
188,Oct_22_188,CP40,10/23/2022,16:10:00,16:12:00,CWD,Dead,AVGE,LGR,LGR2,A4,A,,,na,14.3,31.0,31.2,,no,Water,NA,,,,
176,Oct_22_176,CP40,10/23/2022,12:37:30,12:40:30,stem,Dead,AVGE,LGR,LGR2,C3,C,,,50,26.2,22.6,30.7,26.3,no,Water,10,,,,
178,Oct_22_178,CP40,10/23/2022,13:28:00,13:31:00,stem,Dead,AVGE,LGR,LGR2,C3,C,,,0,,27.3,30.7,,no,Water,10,,,,
179,Oct_22_179,CP40,10/23/2022,13:46:30,13:49:30,stem,Dead,AVGE,LGR,LGR2,C3,C,,,50,,27.6,30.7,,no,Water,10,,,,
180,Oct_22_180,CP40,10/23/2022,14:13:00,14:16:00,stem,Dead,AVGE,LGR,LGR2,C3,C,,,100,,27.7,30.7,,no,Water,10,,,,
181,Oct_22_181,CP40,10/23/2022,14:23:00,14:26:00,stem,Dead,AVGE,LGR,LGR2,C3,C,,,0,29,33.7,30.8,25.6,no,Water,10,,,,
182,Oct_22_182,CP40,10/23/2022,14:38:10,14:41:10,stem,Dead,AVGE,LGR,LGR2,C3,C,,,50,24.9,,30.8,36.0,no,Water,10,,,,
183,Oct_22_183,CP40,10/23/2022,14:50:00,14:53:00,stem,Dead,AVGE,LGR,LGR2,C3,C,,,100,23.5,,30.8,32.6,no,Water,10,,,,
186,Oct_22_186,CP40,10/23/2022,15:45:00,15:48:00,stem,Dead,AVGE,LGR,LGR2,C5,C,,,100,14.9,36.0,31.0,,no,Water,14,,,,
206,Oct_22_206,CP40,10/23/2022,12:33:32,12:36:32,stem,Dead,AVGE,LGR,LGR1,C5,C,,,100,27.9,25.7,29.7,26.3,no,Water,11,,,,
187,Oct_22_187,CP40,10/23/2022,16:05:00,16:08:00,CWD,Dead,AVGE,LGR,LGR2,A5,A,,,na,11,31.5,30.0,,no,Water,NA,,,,
199,Oct_22_199,CP40,10/23/2022,15:53:41,15:56:45,stem,Dead,AVGE,LGR,LGR 3,D1,D,,,50,29.1,29.1,27.4,26.1,no,Water,11,,,,
200,Oct_22_200,CP40,10/23/2022,16:06:06,16:09:10,stem,Dead,AVGE,LGR,LGR 3,C5,C,,,100,31.4,31.0,27.7,26.1,no,Water,11,,,,
203,Oct_22_203,CP40,10/23/2022,11:50:59,11:54:07,stem,Dead,AVGE,LGR,LGR1,C5,C,,,100,29.3,30.8,27.9,26.3,no,Water,11,,,,
205,Oct_22_205,CP40,10/23/2022,12:18:21,12:21:39,stem,Dead,AVGE,LGR,LGR1,D2,D,,,50,31.6,25.7,29.7,26.3,no,Water,11,,,,
185,Oct_22_185,CP40,10/23/2022,15:25:30,15:28:50,stem,Dead,AVGE,LGR,LGR2,C3,C,,,50,16.7,34.0,31.0,,no,Water,14,,,,
198,Oct_22_198,CP40,10/23/2022,15:41:13,15:44:40,stem,Dead,AVGE,LGR,LGR 3,D1,D,,,0,31.9,28.5,28.4,26.0,no,Water,11,,,,
197,Oct_22_197,CP40,10/23/2022,15:26:00,15:29:30,stem,Dead,AVGE,LGR,LGR3,D1,D,,,100,23.7,30.9,30.9,25.8,no,Water,12,,,,
202,Oct_22_202,CP40,10/23/2022,11:34:40,11:38:33,stem,Dead,AVGE,LGR,LGR1,C5,C,,,50,33.2,27.3,27.9,26.3,no,Water,11,,,,
175,Oct_22_175,CP40,10/23/2022,12:31:00,12:35:00,stem,Dead,AVGE,LGR,LGR2,C3,C,,,0,37.2,23.7,30.7,26.3,no,Water,10,,,,
201,Oct_22_201,CP40,10/23/2022,11:18:47,11:23:01,stem,Dead,AVGE,LGR,LGR1,C5,C,,,0,61.2,27.3,27.9,26.3,no,Water,11,,,,
191,Oct_22_191,CP40,10/23/2022,12:40:46,12:45:00,stem,Dead,,LGR,LGR3,A6,A,,,100,7.5,27.6,30.1,25.6,no,Water,12,,,,
177,Oct_22_177,CP40,10/23/2022,12:44:30,12:49:00,stem,Dead,AVGE,LGR,LGR2,C3,C,,,100,25.3,24.8,30.7,26.3,no,Water,10,,,,
194,Oct_22_194,CP40,10/23/2022,14:04:00,14:09:00,stem,Dead,AVGE,LGR,LGR3,C4,C,,,100,26.4,28.6,30.8,24.7,no,Water,12,,,,
196,Oct_22_196,CP40,10/23/2022,15:06:30,15:11:30,stem,Dead,AVGE,LGR,LGR3,D1,D,,,50,30.8,29.6,29.6,24.3,no,Water,12,,,,
190,Oct_22_190,CP40,10/23/2022,12:19:00,12:24:00,stem,Dead,,LGR,LGR3,B3,B,,,50,8.8,28.6,,,no,Water,12,,,,
193,Oct_22_193,CP40,10/23/2022,13:42:40,13:48:30,stem,Dead,AVGE,LGR,LGR3,D1,D,,,50,30.3,28.8,29.8,24.7,no,Water,12,,,,
204,Oct_22_204,CP40,10/23/2022,12:02:20,12:08:50,stem,Dead,AVGE,LGR,LGR1,D2,D,,,0,61.2,25.0,29.7,26.3,no,Water,11,,,,
195,Oct_22_195,CP40,10/23/2022,14:35:00,14:42:00,stem,Dead,AVGE,LGR,LGR3,D1,D,,,0,32.2,28.7,28.7,25.2,no,Water,12,,,,
192,Oct_22_192,CP40,10/23/2022,13:20:00,13:30:00,stem,Dead,AVGE,LGR,LGR3,D1,D,,,0,43.9,27.1,28.6,24.3,no,Water,12,,,,
189,Oct_22_189,CP40,10/23/2022,11:22:58,11:39:20,stem,Dead,,LGR,LGR3,B3,B,,,0,9.8,25.7,28.3,25.3,no,Water,12,,,,
184,Oct_22_184,CP40,10/23/2022,15:04:12,15:07:12,stem,Dead,AVGE,LGR,LGR2,C3,C,,,0,22.5,32.7,31.0,,no,Water,14,,,,
225,Oct_22_225,CP40,10/24/2022,13:24:30,13:27:00,CWD,Dead,UNKN,LGR,LGR3,A5,A,,,NA,6.3,5.0,29.7,,no,Water,NA,,,,
210,Oct_22_210,CP40,10/24/2022,13:07:45,13:10:45,stem,Dead,AVGE,LGR,LGR2,C4,C,,,0,20.8,33.4,30.5,,no,Water,5,,,,
212,Oct_22_212,CP40,10/24/2022,13:20:15,13:23:15,stem,Dead,AVGE,LGR,LGR2,C4,C,,,100,19.2,33.3,30.5,,no,Water,5,,,,
216,Oct_22_216,CP40,10/24/2022,10:37:00,10:40:00,stem,Dead,AVGE,LGR,LGR3,C3,C,,,0,39.5,26.9,26.6,,no,Water,4.5,,,,
218,Oct_22_218,CP40,10/24/2022,11:16:30,11:19:30,stem,Dead,AVGE,LGR,LGR3,C3,C,,,100,24.5,28.6,26.6,,no,Water,4.5,,,,
219,Oct_22_219,CP40,10/24/2022,11:50:00,11:53:00,stem,Dead,AVGE,LGR,LGR3,C3,C,,,0,35.7,7.0,23.4,,no,Water,7,,,,
221,Oct_22_221,CP40,10/24/2022,12:08:00,12:11:00,stem,Dead,AVGE,LGR,LGR3,C3,C,,,100,24.6,28.7,23.4,,no,Water,7,,,,
222,Oct_22_222,CP40,10/24/2022,12:36:00,12:39:00,stem,Dead,AVGE,LGR,LGR3,D1,D,,,0,25.3,27.5,29.3,,no,Water,12.5,,,,
223,Oct_22_223,CP40,10/24/2022,12:50:00,12:53:00,stem,Dead,AVGE,LGR,LGR3,D1,D,,,50,24.5,28.2,29.3,,no,Water,12.5,,,,
224,Oct_22_224,CP40,10/24/2022,13:04:00,13:07:00,stem,Dead,AVGE,LGR,LGR3,C3,C,,,100,24.5,29.3,29.3,,no,Water,12.5,,,,
226,Oct_22_226,CP40,10/24/2022,13:29:15,13:32:15,CWD,Dead,RHMA,LGR,LGR2,B5,B,,,na,10.5,33.4,25.3,,no,Water,NA,,,,
227,Oct_22_227,CP40,10/24/2022,13:42:00,13:45:00,CWD,Dead,UNKN,LGR,LGR2,B5,B,,,na,9,,25.1,,no,Water,NA,,,,
217,Oct_22_217,CP40,10/24/2022,11:01:00,11:04:00,stem,Dead,AVGE,LGR,LGR3,C3,C,,,50,43,27.5,26.6,,no,Water,4.5,,,,
220,Oct_22_220,CP40,10/24/2022,11:58:30,12:01:30,stem,Dead,AVGE,LGR,LGR3,C3,C,,,50,25.5,28.0,23.4,,no,Water,7,,,,
209,Oct_22_209,CP40,10/24/2022,12:45:07,12:48:10,stem,Alive,AVGE,LGR,LGR2,C4,C,,,100,15,28.6,30.8,,no,Water,10,,,,
207,Oct_22_207,CP40,10/24/2022,12:20:51,12:23:57,stem,Alive,AVGE,LGR,LGR2,C4,C,,,0,28.7,28.2,25.5,,no,Water,10,,,,
208,Oct_22_208,CP40,10/24/2022,12:32:34,12:35:40,stem,Alive,AVGE,LGR,LGR2,C4,C,,,50,15.7,27.9,27.6,,no,Water,10,,,,
213,Oct_22_213,CP40,10/24/2022,11:35:09,11:38:37,stem,Dead,AVGE,LGR,LGR2,C4,C,,,0,16.8,27.7,28.6,,no,Water,2,,,,
215,Oct_22_215,CP40,10/24/2022,12:02:30,12:06:12,stem,Dead,AVGE,LGR,LGR2,B5,B,,,100,14.8,27.6,29.1,,no,Water,2,,,,
214,Oct_22_214,CP40,10/24/2022,11:44:37,11:50:26,stem,Dead,AVGE,LGR,LGR2,C4,C,,,50,18.4,36.0,29.3,,no,Water,2,,,,
256,Oct_22_256,BL60,10/25/2022,10:46:15,10:48:00,stem,Alive,LARA,LGR,LGR1,A4,A,,,0,6.5,24.5,24.8,23.3,no,Sediment,NA,,,,
231,Oct_22_231,BL60,10/25/2022,15:13:00,15:15:30,stem,Alive,LARA,LGR,LGR3,A6,A,,,0,9.3,27.4,24.0,24.5,no,Water,4,,,,
228,Oct_22_228,BL60,10/25/2022,14:48:00,14:51:00,stem,Alive,LARA,LGR,LGR3,D4,D,,,0,9.2,27.7,23.5,24.2,no,Water,4,,,,
229,Oct_22_229,BL60,10/25/2022,14:56:00,14:59:00,stem,Alive,LARA,LGR,LGR3,A6,A,,,50,7.8,30.3,23.5,24.2,no,Water,4,,,,
230,Oct_22_230,BL60,10/25/2022,15:01:30,15:04:30,stem,Alive,LARA,LGR,LGR3,A6,A,,,100,6.9,31.4,23.5,24.2,no,Water,4,,,,
232,Oct_22_232,BL60,10/25/2022,15:23:45,15:26:45,stem,Alive,LARA,LGR,LGR3,A6,A,,,50,5.3,29.7,24.0,24.5,no,Water,4,,,,
233,Oct_22_233,BL60,10/25/2022,15:32:10,15:35:10,stem,Alive,LARA,LGR,LGR3,A6,A,,,100,5.1,30.6,24.0,24.5,no,Water,4,,,,
236,Oct_22_236,BL60,10/25/2022,11:24:10,11:27:10,stem,Alive,RHMA,LGR,LGR3,B4,B,,,0,8.9,29.4,23.0,23.9,no,Sediment,NA,,,,
237,Oct_22_237,BL60,10/25/2022,11:40:15,11:43:15,stem,Alive,RHMA,LGR,LGR3,B4,B,,,50,9.2,27.7,23.0,23.9,no,Sediment,NA,,,,
239,Oct_22_239,BL60,10/25/2022,11:59:00,12:02:00,stem,Alive,COER,LGR,LGR3,B4,B,,,0,8.7,27.3,22.9,24.3,no,Water,4,,,,
240,Oct_22_240,BL60,10/25/2022,12:06:43,12:09:43,stem,Alive,COER,LGR,LGR3,B4,B,,,50,8.3,27.6,22.9,24.3,no,Water,4,,,,
241,Oct_22_241,BL60,10/25/2022,12:20:50,12:23:50,stem,Alive,COER,LGR,LGR3,B4,B,,,100,8.9,27.7,22.9,24.3,no,Water,4,,,,
242,Oct_22_242,BL60,10/25/2022,12:39:00,12:42:00,CWD,Dead,UNKN,LGR,LGR3,A6,A,,,na,7.7,28.5,28.8,,no,Water,4,,,,
243,Oct_22_243,BL60,10/25/2022,12:51:00,12:54:00,CWD,Dead,UNKN,LGR,LGR3,B4,B,,,na,11,28.4,23.3,,no,Water,4,,,,
244,Oct_22_244,BL60,10/25/2022,12:58:00,13:01:00,stem,Alive,RHMA,LGR,LGR1,A4,A,,,86,6.2,27.1,24.8,23.4,no,Water,4,,,,
250,Oct_22_250,BL60,10/25/2022,13:52:30,13:55:30,stem,Alive,RHMA,LGR,LGR1,A4,A,,,3,4.5,28.6,28.5,23.5,no,Water,4,,,,
251,Oct_22_251,BL60,10/25/2022,13:38:15,13:41:15,stem,Alive,COER,LGR,LGR3,B4,B,,,0,7.6,28.0,23.0,24.5,no,Water,4,,,,
252,Oct_22_252,BL60,10/25/2022,13:49:30,13:52:30,stem,Alive,COER,LGR,LGR3,A6,A,,,50,5.5,32.0,23.0,24.5,no,Water,4,,,,
253,Oct_22_253,BL60,10/25/2022,14:15:45,14:18:45,CWD,Dead,CWD,LGR,LGR3,B4,B,,,na,9.8,29.8,23.0,24.5,no,Water,4,,,,
254,Oct_22_254,BL60,10/25/2022,14:29:50,14:32:50,stem,Dead,LARA,LGR,LGR3,A6,A,,,0,5.5,,24.1,24.3,no,Water,4,,,,
255,Oct_22_255,BL60,10/25/2022,14:36:50,14:39:50,stem,Dead,LARA,LGR,LGR3,A6,A,,,50,5.1,31.1,24.1,24.3,no,Water,4,,,,
258,Oct_22_258,BL60,10/25/2022,10:58:09,11:01:09,stem,Alive,LARA,LGR,LGR1,A4,A,,,50,5.5,25.2,24.8,23.3,no,Sediment,NA,,,,
260,Oct_22_260,BL60,10/25/2022,11:18:00,11:21:00,stem,Alive,LARA,LGR,LGR1,A4,A,,,0,7.8,25.0,26.3,23.2,no,Sediment,NA,,,,
261,Oct_22_261,BL60,10/25/2022,11:26:30,11:29:30,stem,Alive,LARA,LGR,LGR1,A4,A,,,50,5.5,25.0,26.3,25.7,no,Sediment,NA,,,,
262,Oct_22_262,BL60,10/25/2022,11:38:30,11:41:30,stem,Alive,LARA,LGR,LGR1,A4,A,,,100,5.2,25.0,26.3,,no,Sediment,NA,,,,
263,Oct_22_263,BL60,10/25/2022,11:55:00,11:58:00,stem,Alive,COER,LGR,LGR1,C4,C,,,0,20.3,25.1,26.9,23.4,no,Sediment,NA,,,,
267,Oct_22_267,BL60,10/25/2022,12:33:45,12:36:45,stem,Dead,COER,LGR,LGR1,A4,A,,,50,7.7,27.5,27.9,23.1,no,Sediment,NA,,,,
235,Oct_22_235,BL60,10/25/2022,11:02:30,11:05:30,stem,Alive,RHMA,LGR,LGR3,A3,A,,,40,3.5,25.8,24.9,,no,Water,14,,,,
238,Oct_22_238,BL60,10/25/2022,11:47:30,11:50:30,stem,Alive,RHMA,LGR,LGR3,B4,B,,,100,9.4,28.3,23.0,23.9,no,Sediment,NA,,,,
245,Oct_22_245,BL60,10/25/2022,13:08:25,13:11:25,stem,Alive,RHMA,LGR,LGR1,A4,A,,,136,7,28.4,24.8,23.4,no,Water,4,,,,
257,Oct_22_257,BL60,10/25/2022,10:50:24,10:53:25,stem,Alive,LARA,LGR,LGR1,A4,A,,,0,6.5,24.5,24.8,23.3,no,Sediment,NA,,,,
248,Oct_22_248,BL60,10/25/2022,13:35:50,13:38:54,stem,Alive,RHMA,LGR,LGR1,A4,A,,,1,5,30.9,28.5,23.5,no,Water,4,,,,
246,Oct_22_246,BL60,10/25/2022,13:14:00,13:17:06,stem,Alive,RHMA,LGR,LGR1,A4,A,,,150,5.2,29.2,24.8,23.4,no,Water,4,,,,
259,Oct_22_259,BL60,10/25/2022,11:06:50,11:09:56,stem,Alive,LARA,LGR,LGR1,A4,A,,,100,4.2,,24.8,23.3,no,Sediment,NA,,,,
247,Oct_22_247,BL60,10/25/2022,13:21:18,13:24:32,stem,Alive,RHMA,LGR,LGR1,A4,A,,,18,3.5,26.3,24.8,23.4,no,Water,4,,,,
266,Oct_22_266,BL60,10/25/2022,12:23:00,12:26:16,stem,Dead,COER,LGR,LGR1,B6,B,,,0,8.9,24.8,27.9,23.1,no,Sediment,NA,,,,
265,Oct_22_265,BL60,10/25/2022,12:12:30,12:15:48,stem,Alive,COER,LGR,LGR1,B6,B,,,100,13.7,25.5,26.9,23.4,no,Sediment,NA,,,,
249,Oct_22_249,BL60,10/25/2022,13:44:15,13:47:40,stem,Alive,RHMA,LGR,LGR1,A4,A,,,2,4.8,30.2,28.5,23.5,no,Water,4,,,,
264,Oct_22_264,BL60,10/25/2022,12:03:45,12:07:12,stem,Alive,COER,LGR,LGR1,C4,C,,,50,15.5,25.3,26.9,23.4,no,Sediment,NA,,,,
268,Oct_22_268,BL60,10/25/2022,12:44:00,12:48:05,stem,Dead,COER,LGR,LGR1,A4,A,,,100,7.1,27.8,27.9,23.1,no,Sediment,NA,,,,
269,Oct_22_269,Long Pine Key,10/26/2022,13:46:00,13:49:00,stem,Alive,Slash Pine,LGR,LGR2,C3,C,,,57,23.7,32.8,31.2,25.1,no,Sediment,NA,,,,
271,Oct_22_271,Long Pine Key,10/26/2022,14:01:00,14:04:00,stem,Alive,Slash Pine,LGR,LGR2,C3,C,,,97,23.2,33.3,31.2,25.1,no,Sediment,NA,,,,
272,Oct_22_272,Mahogany Hammock,10/26/2022,15:18:00,15:21:00,stem,Alive,Mahogany,LGR,LGR2,D1,D,,,25,68.3,25.7,27.6,24.4,no,Sediment,NA,,,,
273,Oct_22_273,Mahogany Hammock,10/26/2022,15:23:30,15:26:30,stem,Alive,Mahogany,LGR,LGR2,D1,D,,,95,64,26.1,27.6,24.4,no,Sediment,NA,,,,
274,Oct_22_274,Mahogany Hammock,10/26/2022,15:31:00,15:34:00,stem,Alive,Mahogany,LGR,LGR2,D1,D,,,135,62.1,26.6,27.6,24.4,no,Sediment,NA,,,,
275,Oct_22_275,Cypress Boardwalk,10/26/2022,17:31:30,17:34:30,stem,Alive,Cyprus,LGR,LGR2,A2,A,,,12,31.2,27.7,29.2,,no,Water,34,,,,
276,Oct_22_276,Cypress Boardwalk,10/26/2022,17:40:00,17:43:00,stem,Alive,Cyprus,LGR,LGR2,B6,B,,,57,17,35.5,29.2,,no,Water,34,,,,
277,Oct_22_277,Cypress Boardwalk,10/26/2022,17:50:30,17:53:30,stem,Alive,Cyprus,LGR,LGR2,A4,A,,,85,13.5,30.8,29.2,,no,Water,34,,,,
270,Oct_22_270,Long Pine Key,10/26/2022,13:52:00,13:55:00,stem,Alive,Slash Pine,LGR,LGR2,C3,C,,,27,26.6,31.4,31.2,25.1,no,Sediment,NA,,,,
278,Oct_22_278,SRS5,3/12/22,15:13:00,15:18:00,stem,Alive,LARA,LGR,LGR3,D2,D,,,50,31,26.4,28.3,23.7,no,Water,1.5,,,,
279,Oct_22_279,SRS5,3/12/22,15:21:00,15:26:00,stem,Alive,LARA,LGR,LGR3,D2,D,,,92,30,27.0,28.3,23.7,no,Water,1.5,,,,
280,Oct_22_280,SRS5,3/12/22,15:28:00,15:32:00,stem,Alive,LARA,LGR,LGR3,D2,D,,,150,28.1,27.1,28.3,23.7,no,Water,1.5,,,,
281,Oct_22_281,SRS5,3/12/22,15:30:21,15:43:21,stem,Alive,LARA,LGR,LGR3,D2,D,,,40,43,27.5,27.8,23.6,no,Water,5,,,,
282,Oct_22_282,SRS5,3/12/22,15:45:08,15:48:08,stem,Alive,LARA,LGR,LGR3,D2,D,,,115,40.4,27.8,27.8,23.6,no,Water,5,,,,
283,Oct_22_283,SRS5,3/12/22,15:49:00,15:54:00,stem,Alive,LARA,LGR,LGR3,D2,D,,,165,42,29.0,27.8,23.6,no,Water,5,,,,
,,,,,,,,,,,,,,,,,,,,,,,,,,